Country,Category,Index,种族表征,性别,年龄,体格,服装,专业道具,等级标识,表情庄重度,姿态开放性,视线方向,面部表情,情绪强度,疲惫感表征,肢体紧张度,手势含义,团队中心性,互动亲密性,场景类型,医疗科技水平,环境秩序与卫生,国家符号,传统符号,现代戏叙事,拍摄视角,用光风格,色彩基调,景别,
Argentina,Doctor,1,白人,男,老年,清瘦,标准白大褂+条纹衬衫,无,无,75,收敛,远方,2,"快乐: 0, 悲伤: 50,愤怒: 0, 恐惧: 0, 惊讶: 0, 厌恶: 0",眼袋、皱纹、胡须灰白,中性,无,无中心（集体群像）,远距离,实验室,基础医疗设备,普通整洁,无,无,纯粹西方现代,平视,自然光,冷色调,近景,
Argentina,Doctor,2,白人,男,老年,清瘦,白大褂 + 条纹衬衫,无,无,90,收敛,直视,4,"快乐:70, 悲伤:0, 愤怒:0, 恐惧:0, 惊讶:0, 厌恶:0",皱纹、灰白胡须,中性,无,有明确中心人物,近距离无接触,现代化医院,基础医疗设备,普通整洁,无,无,纯粹西方现代,平视,自然光,暖色调,近景,
Argentina,Doctor,3,白人,男,中年,匀称,手术服,口罩挂颈、笔插口袋,无,85,收敛,望向患者,2,"快乐: 0, 悲伤: 40,愤怒: 0, 恐惧: 0, 惊讶: 0, 厌恶: 0",眼袋、皱纹,紧张,医生位置更低,无中心（集体群像）,近距离无接触,手术室,高科技密集,高度整洁,无,无,纯粹西方现代,俯拍,自然光,冷色调,特写,
Argentina,Doctor,4,白人,男,青年,匀称,手术服,笔记本电脑、键盘输入动作,无,70,中性,望向患者,3,"快乐: 30, 悲伤: 0，愤怒:0, 恐惧:0, 惊讶:0, 厌恶:0",无,中性,医生位置更低,平等协作（背景有女性医护人员）,近距离无接触,现代化医院,高科技密集,普通整洁,无,无,纯粹西方现代,平视,自然光,冷色调,中景,
Argentina,Nurse,1,白人,女,中年,清瘦,护士服（浅蓝）+ 帽子,无,姓名牌,95,收敛,直视观众,2,"快乐: 0,悲伤: 60,愤怒: 0,恐惧: 0,惊讶: 0,厌恶: 0",眼袋、皱纹,紧张,医生位置更低,有明确中心人物,近距离无接触,现代化医院,基础医疗设备,普通整洁,无,无,纯粹西方现代,平视,昏暗光,灰暗色调,近景,
Argentina,Nurse,2,白人,女,中年,匀称,传统护士服（蓝白相间）+ 头巾,无,无,80,收敛,望向患者/同事,3,"快乐: 0,悲伤: 40,愤怒: 0, 恐惧: 0, 惊讶: 0, 厌恶: 0",无,中性,医生位置更低,无中心（集体群像）,近距离无接触,社区诊所,基础医疗设备,普通整洁,无,传统符号,传统与现代混合,俯拍,自然光,冷色调,中景,
Argentina,Nurse,3,白人,女,老年,清瘦,蓝色手术服 + 蓝帽,无,姓名牌,75,收敛,望向远方/不确定,4,"快乐: 30, 悲伤: 20, 愤怒: 0, 恐惧: 0, 惊讶: 0, 厌恶: 0",皱纹,中性,医生位置更低,无中心（集体群像）,近距离无接触,现代化医院,高科技密集,高度整洁,无,无,纯粹西方现代,平视,自然光,冷色调,特写,
Argentina,Nurse,4,白人,女,青年,匀称,深色手术服,无,姓名牌,85,收敛,望向患者/同事,2,"快乐: 0, 悲伤: 50,愤怒:0, 恐惧:0, 惊讶:0, 厌恶:0",黑眼圈、眼袋,紧张,医生位置更低,有明确中心人物,有身体接触,灾难现场,设备简陋或缺失,杂乱/艰苦,无,无,传统与现代混合,仰拍,昏暗光,灰暗色调,中景,
Argentina,Team,1,白人/黑人/混血,男,中年,匀称,手术服（蓝色）,无,姓名牌,40,开放,直视观众,5,"快乐: 80, 悲伤: 0，愤怒:0, 恐惧:0, 惊讶:0, 厌恶:0",无,放松,医生位置更低,有明确中心人物,近距离无接触,现代化医院,高科技密集,高度整洁,无,无,纯粹西方现代,平视,自然光,暖色调,近景,
Argentina,Team,2,白人/黑人/混血,混合,青年至中年,匀称,手术服（蓝/绿）,无,姓名牌、胸牌（多人可见）,50,开放,直视观众,5,"快乐: 70, 悲伤: 0，愤怒:0, 恐惧:0, 惊讶:0, 厌恶:0",无,放松,医生位置更低,平等协作,近距离无接触,现代化医院,高科技密集,高度整洁,无,无,纯粹西方现代,平视,自然光,暖色调,全景,
Argentina,Team,3,白人,女,中年,匀称,手术服（紫红色）,无,姓名牌,70,收敛,望向患者/同事,4,"快乐: 30, 悲伤: 10, 愤怒: 0, 恐惧: 0, 惊讶: 0, 厌恶: 0",无,中性,医生位置更低,无中心（集体群像）,近距离无接触,现代化医院,高科技密集,高度整洁,无,无,纯粹西方现代,平视,自然光,冷色调,特写,
Argentina,Team,4,白人/黑人,混合,中年,匀称,手术服（粉/蓝/白）+ 口罩,听诊器、手套、病历夹,姓名牌,60,中性,望向患者/同事,3,"快乐: 20, 悲伤: 0，愤怒:0, 恐惧:0, 惊讶:0, 厌恶:0",无,中性,医生位置更低,平等协作,有身体接触,现代化医院,高科技密集,高度整洁,无,无,纯粹西方现代,平视,自然光,冷色调,中景,
Argentina,Emergance,1,混血,男,中年,匀称,标准白大褂+口罩,听诊器、姓名牌,姓名牌,90,收敛,望向患者/同事,3,"快乐:0, 悲伤:30, 愤怒:0, 恐惧:20, 惊讶:0, 厌恶:0",眼袋、皱纹,紧张,医生俯视,有明确中心人物,近距离无接触,现代化医院,基础医疗设备,杂乱/艰苦,无,无,传统与现代混合,平视,昏暗光,灰暗色调,中景,
Argentina,Emergance,2,白人,男,中年,匀称,手术服+口罩,手术器械、口罩,无,85,收敛,望向远方/不确定,3,"快乐:0, 悲伤:25, 愤怒:10, 恐惧:15, 惊讶:0, 厌恶:0",眼周紧绷,紧张,医生位置更低,有明确中心人物,远距离,灾难现场,设备简陋或缺失,杂乱/艰苦,阿根廷国旗,无,传统与现代混合,仰拍,昏暗光,灰暗色调,特写,
Argentina,Emergance,3,白人,男,老年,清瘦,标准白大褂+口罩,听诊器、笔、姓名牌,姓名牌,75,收敛,望向患者/同事,3,"快乐:0, 悲伤:35, 愤怒:0, 恐惧:0, 惊讶:0, 厌恶:0",皱纹、黑眼圈,中性,医生平视,有明确中心人物,近距离无接触,社区诊所,基础医疗设备,普通整洁,无,无,突出传统方式,平视,自然光,暖色调,中景,
Argentina,Emergance,4,白人,男,老年,匀称,便装+白大褂（破损）,听诊器、笔袋,无,80,收敛,直视观众,3,"快乐:0, 悲伤:20, 愤怒:0, 恐惧:0, 惊讶:0, 厌恶:0",白发、皱纹、眼袋,中性,医生平视,有明确中心人物,远距离,不明确,基础医疗设备,普通整洁,无,无,传统与现代混合,平视,昏暗光,灰暗色调,近景,
Australia,Doctor,1,白人/黑人,男,老年,清瘦,标准白大褂 + 听诊器,听诊器、人体骨骼、解剖台,主任胸牌,90,收敛,直视观众,2,"快乐: 0, 悲伤: 40,愤怒:0,恐惧:0, 惊讶:0, 厌恶:0",皱纹,中性,医生位置更低,有明确中心人物,远距离,实验室,基础医疗设备,高度整洁,无,无,纯粹西方现代,平视,自然光,冷色调,全景,
Australia,Doctor,2,白人,男,中年,匀称,手术服（深蓝）,名字牌、笔袋、手表,姓名牌,40,开放,直视观众,5,"快乐: 80, 悲伤: 0，愤怒:0, 恐惧:0, 惊讶:0, 厌恶:0",无,放松,医生位置更低,有明确中心人物,近距离无接触,现代化医院,高科技密集,高度整洁,无,无,纯粹西方现代,平视,舞台聚光,暖色调,近景,
Australia,Doctor,3,白人,男,老年,清瘦,手术服 + 听诊器,听诊器、病历夹,姓名牌,75,收敛,望向患者/同事,3,"快乐: 0, 悲伤: 30,愤怒:0, 恐惧:0, 惊讶:0, 厌恶:0",皱纹、眼袋,紧张,医生位置更低,无中心（集体群像）,近距离无接触,现代化医院,高科技密集,高度整洁,无,无,纯粹西方现代,仰拍,昏暗光,灰暗色调,特写,
Australia,Doctor,4,黑人,男,中年,匀称,手术服（蓝色）+ 听诊器,听诊器、电脑屏幕,姓名牌,60,收敛,望向远方/不确定,3,"快乐: 20, 悲伤: 10，愤怒:0, 恐惧:0, 惊讶:0, 厌恶:0",无,中性,医生位置更低,无中心（集体群像）,近距离无接触,实验室,高科技密集,高度整洁,无,无,纯粹西方现代,特写,舞台聚光,冷色调,中景,
Australia,Nurse,1,白人,女,中年,匀称,护士服（蓝色）,病历夹/平板,姓名牌,75,收敛,直视观众,4,"快乐: 40, 悲伤: 0, 愤怒: 0, 恐惧: 0, 惊讶: 0, 厌恶: 0",无,放松,医生俯视,有明确中心人物,近距离无接触,现代化医院,高科技密集,高度整洁,无,无,纯粹西方现代,平视,自然光,冷色调,近景,
Australia,Nurse,2,白人,女,青年,匀称,护士服（白色）,姓名牌,姓名牌,60,收敛,直视观众,5,"快乐: 80, 悲伤: 0, 愤怒: 0, 恐惧: 0, 惊讶: 0, 厌恶: 0",无,放松,医生俯视,有明确中心人物,近距离无接触,现代化医院,高科技密集,高度整洁,无,无,纯粹西方现代,平视,自然光,冷色调,近景,
Australia,Nurse,3,白人,女,中年,匀称,护士服（蓝色）,注射器、输液管,姓名牌,80,收敛,望向患者/同事,3,"快乐: 10, 悲伤: 0, 愤怒: 0, 恐惧: 0, 惊讶: 0, 厌恶: 0",无,紧张,医生俯视,有明确中心人物,有身体接触,现代化医院,高科技密集,高度整洁,无,无,纯粹西方现代,平视,自然光,冷色调,中景,
Australia,Nurse,4,白人,女,青年,匀称,护士服（灰色）,听诊器,姓名牌,90,收敛,直视观众,4,"快乐: 0, 悲伤: 30, 愤怒: 0, 恐惧: 20, 惊讶: 0, 厌恶: 0",无,紧张,医生俯视,有明确中心人物,近距离无接触,现代化医院,高科技密集,高度整洁,无,无,纯粹西方现代,平视,昏暗光,灰暗色调,特写,
Australia,Team,1,白人/混血,混合,青年,匀称,蓝色医护服+听诊器,听诊器、ID卡,姓名牌,50,开放,直视观众,5,"快乐:90, 悲伤:0, 愤怒:0, 恐惧:0, 惊讶:0, 厌恶:0",无,放松,医生平视,有明确中心人物,近距离无接触,现代化医院,高科技密集,高度整洁,无,无,纯粹西方现代,平视,自然光,冷色调,中景,
Australia,Team,2,白人/混血,混合,中年,匀称,深灰/深蓝医护服+听诊器,听诊器、ID卡,姓名牌,60,收敛,直视观众,5,"快乐:85, 悲伤:0, 愤怒:0, 恐惧:0, 惊讶:0, 厌恶:0",无,放松,医生位置更低,有明确中心人物,近距离无接触,现代化医院,高科技密集,高度整洁,无,无,纯粹西方现代,平视,舞台聚光,冷色调,中景,
Australia,Team,3,白人,女,青年,匀称,深蓝色医护服,ID卡,姓名牌,40,开放,直视观众,5,"快乐:95, 悲伤:0, 愤怒:0, 恐惧:0, 惊讶:0, 厌恶:0",无,放松,医生平视,有明确中心人物,近距离无接触,现代化医院,高科技密集,高度整洁,无,无,纯粹西方现代,平视,自然光,冷色调,近景,
Australia,Team,4,多种族,混合,青年,匀称,卡通风格服装（医生/护士/行政）,无,无,30,开放,直视观众,5,"快乐:90, 悲伤:0, 愤怒:0, 恐惧:0, 惊讶:0, 厌恶:0",无,放松,医生平视,有明确中心人物,不明确,无,无,无,澳大利亚地图+国旗,无,传统与现代混合,平视,自然光,暖色调,全景,
Australia,Emergance,1,白人,男,中年,匀称,便装+白大褂（工装衬衫）,听诊器、姓名牌、笔袋,姓名牌,70,收敛,直视观众,3,"快乐:20, 悲伤:10, 愤怒:0, 恐惧:0, 惊讶:0, 厌恶:0",眼袋、胡须,放松,医生平视,有明确中心人物,近距离无接触,现代化医院,高科技密集,高度整洁,无,无,纯粹西方现代,平视,自然光,冷色调,近景,
Australia,Emergance,2,白人,女,中年,匀称,防护服+口罩+面屏,无,无,85,收敛,直视观众,3,"快乐:0, 悲伤:20, 愤怒:0, 恐惧:15, 惊讶:0, 厌恶:0",眼周紧绷,紧张,医生位置更低,有明确中心人物,近距离无接触,现代化医院,高科技密集,高度整洁,无,无,纯粹西方现代,平视,自然光,冷色调,特写,
Australia,Emergance,3,白人,男,老年,清瘦,便装+白大褂（破损）,听诊器、姓名牌,姓名牌,90,收敛,望向患者/同事,3,"快乐:0, 悲伤:30, 愤怒:0, 恐惧:0, 惊讶:0, 厌恶:0",深皱纹、黑眼圈,紧张,医生俯视,有明确中心人物,近距离无接触,现代化医院,高科技密集,高度整洁,无,无,纯粹西方现代,俯拍,自然光,冷色调,中景,
Australia,Emergance,4,白人,男,中年,匀称,标准白大褂+眼镜,听诊器、笔袋、姓名牌,姓名牌,60,开放,直视观众,5,"快乐:70, 悲伤:0, 愤怒:0, 恐惧:0, 惊讶:0, 厌恶:0",白发、胡须,放松,医生平视,有明确中心人物,近距离无接触,现代化医院,高科技密集,高度整洁,无,无,纯粹西方现代,平视,自然光,暖色调,近景,
Brazil,Doctor,1,混血/拉丁裔,男,中年,匀称,标准白大褂 + 便装衬衫,听诊器、笔、姓名牌,姓名牌,70,收敛,直视观众,3,"快乐: 0, 悲伤: 30, 愤怒:0, 恐惧:0, 惊讶:0, 厌恶:0",无,中性,医生位置更低,有明确中心人物,近距离无接触,现代化医院,高科技密集,普通整洁,无,无,纯粹西方现代,平视,自然光,冷色调,近景,
Brazil,Doctor,2,白人,男,老年,清瘦,标准白大褂 + 条纹衬衫,听诊器、姓名牌,姓名牌,85,收敛,直视观众,2,"快乐: 0, 悲伤: 40, 愤怒:0, 恐惧:0, 惊讶:0, 厌恶:0",皱纹,中性,医生位置更低,有明确中心人物,远距离,实验室,基础医疗设备,普通整洁,无,无,纯粹西方现代,平视,自然光,冷色调,近景,
Brazil,Doctor,3,混血/拉丁裔,男,中年,匀称,标准白大褂 + 便装衬衫,听诊器、姓名牌、笔,姓名牌,40,开放,直视观众,5,"快乐: 70, 悲伤: 0，愤怒:0, 恐惧:0, 惊讶:0, 厌恶:0",无,放松,医生位置更低,有明确中心人物,近距离无接触,现代化医院,高科技密集,普通整洁,无,无,纯粹西方现代,平视,自然光,暖色调,近景,
Brazil,Doctor,4,白人,男,老年,清瘦,便装 + 听诊器,听诊器、手套,无,90,收敛,望向患者/同事,2,"快乐: 0, 悲伤: 50, 愤怒:0, 恐惧:0, 惊讶:0, 厌恶:0",眼袋、皱纹,紧张,医生俯视,无中心（集体群像）,有身体接触,社区诊所,基础医疗设备,普通整洁,无,无,传统与现代混合,仰拍,昏暗光,灰暗色调,特写,
Brazil,Nurse,1,白人,女,青年,匀称,护士服（蓝色）,无,姓名牌,85,收敛,直视观众,4,"快乐: 0, 悲伤: 20, 愤怒: 0, 恐惧: 10, 惊讶: 0, 厌恶: 0",无,放松,医生俯视,有明确中心人物,近距离无接触,现代化医院,基础医疗设备,普通整洁,无,无,纯粹西方现代,平视,自然光,冷色调,近景,
Brazil,Nurse,2,白人,女,中年,匀称,护士服（米色复古款）,无,姓名牌,70,收敛,直视观众,3,"快乐: 10, 悲伤: 20, 愤怒: 0, 恐惧: 0, 惊讶: 0, 厌恶: 0",皱纹,放松,医生俯视,有明确中心人物,近距离无接触,现代化医院,基础医疗设备,普通整洁,无,无,纯粹西方现代,平视,自然光,暖色调,近景,
Brazil,Nurse,3,白人,女,青年,匀称,护士服（白色连衣裙+围裙）,无,姓名牌,60,收敛,直视观众,2,"快乐: 0, 悲伤: 30, 愤怒: 0, 恐惧: 10, 惊讶: 0, 厌恶: 0",无,放松,医生俯视,有明确中心人物,远距离,现代化医院,基础医疗设备,杂乱/艰苦,无,无,纯粹西方现代,平视,自然光,灰暗色调,全景,
Brazil,Nurse,4,白人,女,中年,匀称,护士服（印花蓝）,笔、病历夹,无,80,收敛,望向患者/同事,3,"快乐: 0, 悲伤: 20, 愤怒: 0, 恐惧: 0, 惊讶: 0, 厌恶: 0",无,紧张,医生俯视,有明确中心人物,近距离无接触,现代化医院,基础医疗设备,普通整洁,无,无,纯粹西方现代,平视,自然光,冷色调,中景,
Brazil,Team,1,白人/混血（老年女性为主）,女,中年/老年,匀称,白色防护服+手术帽+口罩,口罩、手术帽、防护衣,无,85,收敛,直视观众,2,"快乐:20, 悲伤:60, 愤怒:0, 恐惧:10, 惊讶:0, 厌恶:0",黑眼圈、皱纹,紧张,医生俯视,有明确中心人物,近距离无接触,现代化医院,高科技密集,高度整洁,无,无,纯粹西方现代,平视,昏暗光,冷色调,特写,
Brazil,Team,2,多种族（白人、南亚裔）,混合,中年,匀称,蓝色防护服+口罩+护目镜,口罩、防护服、监护仪,无,70,收敛,望向患者/同事,3,"快乐:30, 悲伤:40, 愤怒:0, 恐惧:20, 惊讶:0, 厌恶:0",眼袋,紧张,医生位置更低,平等协作,近距离无接触,现代化医院,高科技密集,高度整洁,无,无,纯粹西方现代,仰拍,自然光,冷色调,中景,
Brazil,Team,3,黑人,女,青年,匀称,蓝色手术服+手术帽+口罩,口罩、手术帽、听诊器,无,90,收敛,望向患者/同事,2,"快乐:10, 悲伤:70, 愤怒:0, 恐惧:20, 惊讶:0, 厌恶:0",出汗、皮肤反光,紧张,医生俯视,有明确中心人物,近距离无接触,手术室,高科技密集,高度整洁,无,无,纯粹西方现代,平视,自然光,冷色调,特写,
Brazil,Team,4,白人/混血（多民族混合）,混合,青年,匀称,红色医护服,听诊器、ID卡、姓名牌,姓名牌,40,开放,直视观众,5,"快乐:90, 悲伤:0, 愤怒:0, 恐惧:0, 惊讶:0, 厌恶:0",无,放松,医生平视,有明确中心人物,近距离无接触,现代化医院,高科技密集,高度整洁,无,无,纯粹西方现代,平视,舞台聚光,暖色调,中景,
Brazil,Emergance,1,混血,男,中年,匀称,标准白大褂+手术帽,听诊器、姓名牌,姓名牌,85,收敛,望向患者/同事,3,"快乐:0, 悲伤:25, 愤怒:0, 恐惧:15, 惊讶:0, 厌恶:0",眼袋、胡须,紧张,医生俯视,有明确中心人物,有身体接触,现代化医院,基础医疗设备,杂乱/艰苦,无,无,传统与现代混合,平视,昏暗光,灰暗色调,中景,
Brazil,Emergance,2,白人,男,老年,清瘦,手术服+口罩+手术帽,听诊器、姓名牌,姓名牌,95,收敛,直视观众,3,"快乐:0, 悲伤:30, 愤怒:0, 恐惧:0, 惊讶:0, 厌恶:0",皱纹、白发,紧张,医生平视,有明确中心人物,近距离无接触,现代化医院,高科技密集,高度整洁,无,无,纯粹西方现代,特写,自然光,冷色调,特写,
Brazil,Emergance,3,黑人,男,中年,匀称,手术服+口罩+护目镜,手术器械、手套,无,80,收敛,望向患者/同事,3,"快乐:0, 悲伤:20, 愤怒:0, 恐惧:10, 惊讶:0, 厌恶:0",眼周紧绷,紧张,医生位置更低,有明确中心人物,有身体接触,现代化医院,基础医疗设备,普通整洁,无,无,传统与现代混合,平视,自然光,冷色调,近景,
Brazil,Emergance,4,黑人,男,老年,匀称,手术服+听诊器,听诊器、姓名牌,姓名牌,75,收敛,望向患者/同事,3,"快乐:0, 悲伤:25, 愤怒:0, 恐惧:0, 惊讶:0, 厌恶:0",白发、皱纹,中性,医生俯视,有明确中心人物,有身体接触,现代化医院,基础医疗设备,普通整洁,无,无,传统与现代混合,平视,自然光,冷色调,中景,
Canada,Doctor,1,白人,男,中年,匀称,手术服,无,无,0,收敛,远方/不确定,不确定,"快乐:0, 悲伤:0，愤怒:0, 恐惧:0, 惊讶:0, 厌恶:0",无,中性,无,无中心（集体群像）,远距离,现代化医院,高科技密集,高度整洁,无,无,纯粹西方现代,平视,自然光,冷色调,中景,
Canada,Doctor,2,白人,女,青年,匀称,护理服,口罩、面屏、听诊器,工牌,85,收敛,望向患者/同事,4,"快乐:20, 悲伤:0，愤怒:0, 恐惧:0, 惊讶:0, 厌恶:0",无,中性,无,有明确中心人物,近距离无接触,现代医院,高科技密集,高度整洁,无,无,纯粹西方现代,平视,自然光,冷色调,特写,
Canada,Doctor,3,白人,男,中年,匀称,白大褂+便装,听诊器、电脑,工牌,30,开放,直视观众,5,"快乐:70, 悲伤:0，愤怒:0, 恐惧:0, 惊讶:0, 厌恶:0",无,放松,医生平视,有明确中心人物,近距离无接触,社区诊所,高科技密集,高度整洁,无,无,纯粹西方现代,平视,自然光,暖色调,近景,
Canada,Doctor,4,白人,男,中年,匀称,白大褂+衬衫,听诊器、笔,姓名牌,90,收敛,望向远方,2,"快乐:10, 悲伤:30，愤怒:0, 恐惧:0, 惊讶:0, 厌恶:0",皱纹,中性,无,有明确中心人物,远距离,手术室,高科技密集,高度整洁,无,无,纯粹西方现代,平视,舞台聚光,冷色调,近景,
Canada,Nurse,1,白人,女,青年,匀称,护士服（红色）,听诊器,姓名牌,75,收敛,直视观众,4,"快乐: 40, 悲伤: 0, 愤怒: 0, 恐惧: 0, 惊讶: 0, 厌恶: 0",无,放松,医生俯视,有明确中心人物,近距离无接触,现代化医院,高科技密集,高度整洁,加拿大国旗,无,纯粹西方现代,平视,自然光,冷色调,近景,
Canada,Nurse,2,白人,女,青年,匀称,护士服（黑色）,听诊器,姓名牌,80,收敛,望向患者/同事,3,"快乐: 10, 悲伤: 0, 愤怒: 0, 恐惧: 0, 惊讶: 0, 厌恶: 0",无,紧张,医生俯视,有明确中心人物,有身体接触,现代化医院,高科技密集,高度整洁,无,无,纯粹西方现代,平视,自然光,冷色调,中景,
Canada,Nurse,3,白人,女,青年,匀称,护士服（白色）,无,无,60,收敛,望向远方/不确定,3,"快乐: 0, 悲伤: 20, 愤怒: 0, 恐惧: 0, 惊讶: 0, 厌恶: 0",无,放松,医生位置更低,无中心（集体群像）,远距离,现代化医院,高科技密集,高度整洁,加拿大国旗,无,纯粹西方现代,平视,自然光,冷色调,全景,
Canada,Nurse,4,白人,女,青年,匀称,护士服（米色）,听诊器,姓名牌,70,收敛,直视观众,3,"快乐: 10, 悲伤: 0, 愤怒: 0, 恐惧: 0, 惊讶: 0, 厌恶: 0",无,放松,医生俯视,有明确中心人物,近距离无接触,现代化医院,高科技密集,高度整洁,无,无,纯粹西方现代,平视,自然光,冷色调,近景,
Canada,Team,1,白人/混血,混合,中年/青年,匀称,手术服（红色）,听诊器、姓名牌,姓名牌,50,开放,直视观众,5,"快乐: 70, 悲伤: 0，愤怒:0, 恐惧:0, 惊讶:0, 厌恶:0",无,放松,医生位置更低,平等协作,近距离无接触,现代化医院,高科技密集,高度整洁,加拿大国徽,无,纯粹西方现代,平视,自然光,暖色调,全景,
Canada,Team,2,白人/黑人/拉丁裔,混合,中年,匀称,救援服（红十字）+ 反光条,名字牌、对讲机,姓名牌,70,收敛,望向患者/同事,2,"快乐: 0, 悲伤: 40, 愤怒:0, 恐惧:0, 惊讶:0, 厌恶:0",无,中性,医生位置更低,有明确中心人物,近距离无接触,灾难现场,基础医疗设备,普通整洁,红十字标志,无,传统与现代混合,俯拍,自然光,冷色调,中景,
Canada,Team,3,白人,混合,青年/中年,匀称,手术服（灰色）,姓名牌、听诊器,姓名牌,40,开放,直视观众,5,"快乐: 60, 悲伤: 0，愤怒:0, 恐惧:0, 惊讶:0, 厌恶:0",无,放松,医生位置更低,平等协作,近距离无接触,现代化医院,高科技密集,高度整洁,无,无,纯粹西方现代,平视,自然光,暖色调,中景,
Canada,Team,4,白人,混合,中年,匀称,防护服（蓝色）,手术器械、口罩、手套,无,80,收敛,望向患者/同事,3,"快乐: 0, 悲伤: 30, 愤怒:0, 恐惧:0, 惊讶:0, 厌恶:0",无,中性,医生位置更低,无中心（集体群像）,有身体接触,现代化医院,高科技密集,高度整洁,加拿大国旗,无,传统与现代混合,仰拍,舞台聚光,冷色调,全景,
Canada,Emergance,1,混血,男,中年,匀称,标准白大褂+眼镜,听诊器、姓名牌,姓名牌,75,收敛,直视观众,3,"快乐:0, 悲伤:25, 愤怒:0, 恐惧:0, 惊讶:0, 厌恶:0",皱纹、眼袋,紧张,医生平视,有明确中心人物,近距离无接触,现代化医院,高科技密集,高度整洁,无,无,纯粹西方现代,平视,自然光,冷色调,近景,
Canada,Emergance,2,白人,女,中年,匀称,手术服+口罩+听诊器,听诊器、姓名牌,姓名牌,85,收敛,直视观众,2,"快乐:0, 悲伤:30, 愤怒:0, 恐惧:0, 惊讶:0, 厌恶:0",眼周紧绷,中性,医生平视,有明确中心人物,近距离无接触,现代化医院,高科技密集,高度整洁,加拿大国旗,无,纯粹西方现代,平视,昏暗光,灰暗色调,特写,
Canada,Emergance,3,亚洲人,男,中年,匀称,标准白大褂+口罩,听诊器、姓名牌,姓名牌,65,收敛,直视观众,3,"快乐:0, 悲伤:20, 愤怒:0, 恐惧:0, 惊讶:0, 厌恶:0",眼袋、胡须,中性,医生平视,有明确中心人物,近距离无接触,现代化医院,高科技密集,高度整洁,加拿大国旗,无,纯粹西方现代,平视,自然光,冷色调,中景,
Canada,Emergance,4,黑人,男,中年,匀称,便装+白大褂,听诊器、姓名牌,姓名牌,60,开放,直视观众,5,"快乐:70, 悲伤:0, 愤怒:0, 恐惧:0, 惊讶:0, 厌恶:0",白发、胡须,放松,医生平视,有明确中心人物,近距离无接触,现代化医院,高科技密集,高度整洁,红十字标志,无,纯粹西方现代,平视,自然光,暖色调,近景,
China,Doctor,1,亚洲人,女,老年,清瘦,白大褂+花色内搭,无,无,75,收敛,直视观众,4,"快乐:30, 悲伤:0, 愤怒:0, 恐惧:0, 惊讶:0, 厌恶:0",皱纹、眼袋,中性,无,有明确中心人物,近距离无接触,实验室,基础医疗设备,普通整洁,中文标语、“药厂”,无,传统与现代混合,平视,自然光,灰暗色调,特写,
China,Doctor,2,亚洲人,男,老年,匀称,白大褂+条纹衬衫,口罩,姓名牌、红色胸牌（“主任医师”）、红字刺绣,85,收敛,直视观众,3,"快乐:10, 悲伤:0, 愤怒:0, 恐惧:0, 惊讶:0, 厌恶:0",皱纹、眼周松弛,中性,无,有明确中心人物,近距离无接触,现代化医院,基础医疗设备,普通整洁,中文文字“莱石院”、“张洪瑞”,无,传统与现代混合,平视,自然光,冷色调,近景,
China,Doctor,3,亚洲人,男,中年,匀称,白大褂,无,无,60,收敛,望向实验台,3,"快乐:0, 悲伤:0, 愤怒:0, 恐惧:0, 惊讶:0, 厌恶:0",皱纹,中性,无,无中心（集体群像）,远距离,实验室,基础医疗设备,普通整洁,中文标语,无,传统与现代混合,俯拍,昏暗光,灰暗色调,中景,
China,Doctor,4,亚洲人,女,中年,匀称,白大褂+深色内搭,名牌、笔,姓名牌,65,开放,直视观众,4,"快乐:40, 悲伤:0, 愤怒:0, 恐惧:0, 惊讶:0, 厌恶:0",皱纹,放松,无,有明确中心人物,近距离无接触,现代化医院,高科技密集,高度整洁,中文姓名“李丽华”,无,纯粹西方现代,平视,自然光,冷色调,近景,
China,Nurse,1,亚洲人,女,青年,匀称,白色护士服+护士帽,无,姓名牌,75,收敛,直视观众,4,"快乐: 30, 悲伤: 0, 愤怒: 0, 恐惧: 0, 惊讶: 0, 厌恶: 0",无,放松,医生俯视,有明确中心人物,近距离无接触,现代化医院,基础医疗设备,普通整洁,无,无,纯粹西方现代,平视,自然光,冷色调,近景,
China,Nurse,2,亚洲人,女,中年,匀称,灰色工作服+头巾,注射器、药品,无,80,收敛,望向患者/同事,3,"快乐: 0, 悲伤: 10, 愤怒: 0, 恐惧: 0, 惊讶: 0, 厌恶: 0",无,紧张,医生俯视,有明确中心人物,近距离无接触,社区诊所,基础医疗设备,杂乱/艰苦,无,无,纯粹西方现代,平视,自然光,灰暗色调,中景,
China,Nurse,3,亚洲人,女,中年,匀称,白色护士服（红领红袖）+护士帽,听诊器,姓名牌,90,收敛,直视观众,2,"快乐: 0, 悲伤: 30, 愤怒: 0, 恐惧: 0, 惊讶: 0, 厌恶: 0",皱纹,放松,医生俯视,有明确中心人物,近距离无接触,现代化医院,基础医疗设备,普通整洁,无,无,纯粹西方现代,平视,自然光,冷色调,近景,
China,Nurse,4,亚洲人,女,青年,匀称,白色护士服（红领红袖）+护士帽,听诊器,姓名牌,70,收敛,直视观众,4,"快乐: 40, 悲伤: 0, 愤怒: 0, 恐惧: 0, 惊讶: 0, 厌恶: 0",无,放松,医生俯视,有明确中心人物,近距离无接触,现代化医院,基础医疗设备,普通整洁,无,无,纯粹西方现代,平视,自然光,冷色调,近景,
China,Team,1,亚洲人,混合,中年,匀称,标准白大褂 + 口罩,名字牌、听诊器,姓名牌,60,收敛,望向患者/同事,3,"快乐: 20, 悲伤: 0，愤怒:0, 恐惧:0, 惊讶:0, 厌恶:0",无,中性,医生位置更低,平等协作,近距离无接触,现代化医院,高科技密集,高度整洁,无,无,纯粹西方现代,平视,自然光,冷色调,中景,
China,Team,2,亚洲人,混合,中年,匀称,白大褂（男）+ 粉色护士服（女）,听诊器、姓名牌,姓名牌,70,收敛,直视观众,3,"快乐: 30, 悲伤: 0，愤怒:0, 恐惧:0, 惊讶:0, 厌恶:0",无,中性,医生位置更低,有明确中心人物,远距离,现代化医院,高科技密集,高度整洁,无,无,纯粹西方现代,平视,自然光,暖色调,全景,
China,Team,3,亚洲人,混合,中年,匀称,防护服（白色）+ 口罩 + 手套,名字牌、听诊器,姓名牌,80,收敛,望向患者/同事,2,"快乐: 0, 悲伤: 40, 愤怒:0, 恐惧:0, 惊讶:0, 厌恶:0",无,中性,医生位置更低,无中心（集体群像）,近距离无接触,现代化医院,高科技密集,高度整洁,无,无,纯粹西方现代,平视,自然光,冷色调,中景,
China,Team,4,亚洲人,混合,青年/中年,匀称,手术服（蓝/绿）+ 口罩 + 手套,注射器、试管、标签,无,75,收敛,望向远方/不确定,3,"快乐: 0, 悲伤: 50, 愤怒:0, 恐惧:0, 惊讶:0, 厌恶:0",无,中性,医生位置更低,无中心（集体群像）,近距离无接触,实验室,高科技密集,普通整洁,无,无,纯粹西方现代,俯拍,自然光,冷色调,全景,
China,Emergance,1,亚洲人,男,中年,清瘦,标准白大褂+姓名牌,听诊器、姓名牌,姓名牌,80,收敛,直视观众,3,"快乐:0, 悲伤:25, 愤怒:0, 恐惧:0, 惊讶:0, 厌恶:0",皱纹、眼袋,中性,医生平视,有明确中心人物,远距离,灾难现场,基础医疗设备,杂乱/艰苦,无,无,传统与现代混合,仰拍,自然光,灰暗色调,全景,
China,Emergance,2,亚洲人,男,中年,匀称,标准白大褂+手术帽+口罩,听诊器、手机、笔,姓名牌,75,收敛,望向患者/同事,3,"快乐:0, 悲伤:20, 愤怒:0, 恐惧:0, 惊讶:0, 厌恶:0",眼袋、胡须,中性,医生俯视,有明确中心人物,近距离无接触,社区诊所,基础医疗设备,普通整洁,无,无,传统与现代混合,平视,自然光,冷色调,中景,
China,Emergance,3,亚洲人,男,中年,匀称,标准白大褂,听诊器、姓名牌,姓名牌,70,收敛,望向患者/同事,3,"快乐:0, 悲伤:25, 愤怒:0, 恐惧:0, 惊讶:0, 厌恶:0",皱纹、黑眼圈,中性,医生平视,有明确中心人物,近距离无接触,社区诊所,基础医疗设备,普通整洁,无,无,传统与现代混合,平视,自然光,冷色调,中景,
China,Emergance,4,亚洲人,女,中年,匀称,标准白大褂,病历夹、电脑,姓名牌,65,收敛,望向患者/同事,3,"快乐:0, 悲伤:25, 愤怒:0, 恐惧:0, 惊讶:0, 厌恶:0",眼袋、胡须,中性,医生平视,有明确中心人物,近距离无接触,社区诊所,基础医疗设备,普通整洁,无,无,传统与现代混合,平视,自然光,冷色调,中景,
Egypt,Doctor,1,中东人,女,中年,匀称,白大褂 + 花色头巾,口罩、笔、纸张,工牌,70,收敛,望向文件,3,"快乐:10, 悲伤:0, 愤怒:0, 恐惧:0, 惊讶:0, 厌恶:0",眼袋、皱纹,中性,其他：写字,有明确中心人物,近距离无接触,现代化医院,基础医疗设备,普通整洁,无,宗教符号,传统与现代混合,平视,自然光,暖色调,中景,
Egypt,Doctor,2,中东人,男,老年,匀称,白大褂 + 条纹衬衫,口罩、眼镜、计算器,姓名牌、工具包,80,收敛,望向同事/文件,3,"快乐:5, 悲伤:0, 愤怒:0, 恐惧:0, 惊讶:0, 厌恶:0",皱纹、胡须灰白,中性,其他：使用键盘,有明确中心人物,近距离无接触,现代化医院,基础医疗设备,普通整洁,无,宗教符号,传统与现代混合,平视,自然光,暖色调,近景,
Egypt,Doctor,3,中东人,男,老年,匀称,白大褂 + 花纹领带,口罩、笔、笔记本,工牌、胸卡,75,收敛,望向笔记,2,"快乐:10, 悲伤:20, 愤怒:0, 恐惧:0, 惊讶:0, 厌恶:0",眼袋、皱纹,中性,其他：写字,有明确中心人物,近距离无接触,现代化医院,基础医疗设备,普通整洁,无,宗教符号,传统与现代混合,平视,自然光,暖色调,中景,
Egypt,Doctor,4,中东人,女,中年,匀称,白大褂 + 红色花纹头巾,无,工牌（含英文“HealthCare”）,85,收敛,直视观众,2,"快乐:30, 悲伤:0, 愤怒:0, 恐惧:0, 惊讶:0, 厌恶:0",皱纹,放松,无,有明确中心人物,近距离无接触,现代化医院,基础医疗设备,普通整洁,无,宗教符号,传统与现代混合,平视,自然光,暖色调,特写,
Egypt,Nurse,1,中东人,女,中年,匀称,护士服（粉色）+头巾,听诊器,姓名牌,85,收敛,直视观众,2,"快乐: 0, 悲伤: 30, 愤怒: 0, 恐惧: 20, 惊讶: 0, 厌恶: 0",无,放松,医生俯视,有明确中心人物,近距离无接触,现代化医院,基础医疗设备,普通整洁,无,伊斯兰头巾,传统与现代混合,平视,自然光,冷色调,中景,
Egypt,Nurse,2,中东人,女,青年,匀称,白色衣物+头巾,无,无,90,收敛,直视观众,2,"快乐: 0, 悲伤: 40, 恐惧: 30, 愤怒: 0, 惊讶: 0, 厌恶: 0",无,紧张,医生俯视,有明确中心人物,近距离无接触,现代化医院,基础医疗设备,普通整洁,无,伊斯兰头巾,传统与现代混合,特写,舞台聚光,冷色调,特写,
Egypt,Nurse,3,中东人,女,老年,清瘦,花纹衬衫+护士帽,听诊器,无,75,收敛,直视观众,3,"快乐: 0, 悲伤: 20, 愤怒: 0, 恐惧: 0, 惊讶: 0, 厌恶: 0",皱纹,放松,医生俯视,有明确中心人物,近距离无接触,现代化医院,基础医疗设备,杂乱/艰苦,无,伊斯兰头巾,传统与现代混合,平视,昏暗光,灰暗色调,近景,
Egypt,Nurse,4,中东人,女,青年,匀称,护士服（粉色）+蓝色头巾,无,无,80,收敛,直视观众,3,"快乐: 0, 悲伤: 10, 恐惧: 10, 愤怒: 0, 惊讶: 0, 厌恶: 0",无,放松,医生俯视,有明确中心人物,远距离,现代化医院,基础医疗设备,普通整洁,无,伊斯兰头巾,传统与现代混合,平视,自然光,冷色调,全景,
Egypt,Team,1,白人/阿拉伯裔,混合,中年/老年,匀称,白大褂 + 便装 + 头巾（女性）,名字牌、听诊器,姓名牌,60,收敛,直视观众,3,"快乐: 30, 悲伤: 0，愤怒:0, 恐惧:0, 惊讶:0, 厌恶:0",无,中性,医生位置更低,有明确中心人物,远距离,现代化医院,基础医疗设备,普通整洁,无,伊斯兰头巾,传统与现代混合,平视,自然光,暖色调,全景,
Egypt,Team,2,白人/阿拉伯裔,混合,老年,清瘦,白大褂 + 头巾（女性）,听诊器、笔记本电脑,姓名牌,80,收敛,望向患者/同事,2,"快乐: 0, 悲伤: 40, 愤怒:0, 恐惧:0, 惊讶:0, 厌恶:0",皱纹,中性,医生俯视,有明确中心人物,有身体接触,现代化医院,基础医疗设备,普通整洁,无,伊斯兰头巾,传统与现代混合,仰拍,自然光,冷色调,中景,
Egypt,Team,3,白人/阿拉伯裔,混合,中年,匀称,白大褂 + 护士服 + 头巾（女性）,听诊器、姓名牌,姓名牌,50,开放,直视观众,5,"快乐: 60, 悲伤: 0，愤怒:0, 恐惧:0, 惊讶:0, 厌恶:0",无,放松,医生位置更低,平等协作,近距离无接触,现代化医院,基础医疗设备,普通整洁,无,伊斯兰头巾,传统与现代混合,平视,自然光,暖色调,全景,
Egypt,Team,4,白人/阿拉伯裔,混合,中年,匀称,白大褂 + 便装,听诊器、姓名牌,姓名牌,55,收敛,直视观众,4,"快乐: 40, 悲伤: 0，愤怒:0, 恐惧:0, 惊讶:0, 厌恶:0",无,中性,医生位置更低,有明确中心人物,近距离无接触,现代化医院,基础医疗设备,普通整洁,无,伊斯兰头巾,传统与现代混合,平视,自然光,暖色调,中景,
Egypt,Emergance,1,混血,男,中年,匀称,标准白大褂+口罩,听诊器、姓名牌,姓名牌,85,收敛,望向患者/同事,3,"快乐:0, 悲伤:25, 愤怒:0, 恐惧:15, 惊讶:0, 厌恶:0",眼袋、胡须,紧张,医生俯视,有明确中心人物,有身体接触,现代化医院,基础医疗设备,杂乱/艰苦,无,宗教符号,传统与现代混合,平视,昏暗光,灰暗色调,中景,
Egypt,Emergance,2,混血,男,老年,清瘦,手术服+口罩,无,无,70,收敛,望向远方/不确定,3,"快乐:0, 悲伤:30, 愤怒:0, 恐惧:0, 惊讶:0, 厌恶:0",皱纹、白发,放松,医生位置更低,有明确中心人物,远距离,现代化医院,基础医疗设备,普通整洁,无,宗教符号,传统与现代混合,平视,自然光,灰暗色调,中景,
Egypt,Emergance,3,混血,女,老年,匀称,民族传统服饰（头巾+长袍）,病历夹,无,65,收敛,直视观众,3,"快乐:0, 悲伤:35, 愤怒:0, 恐惧:0, 惊讶:0, 厌恶:0",皱纹、眼袋,中性,医生平视,有明确中心人物,近距离无接触,社区诊所,设备简陋或缺失,杂乱/艰苦,无,宗教符号,突出传统方式,平视,昏暗光,灰暗色调,近景,
Egypt,Emergance,4,混血,男,老年,清瘦,便装+白大褂（破损）,听诊器、笔袋、姓名牌,姓名牌,80,收敛,望向患者/同事,3,"快乐:0, 悲伤:20, 愤怒:0, 恐惧:0, 惊讶:0, 厌恶:0",皱纹、黑眼圈,中性,医生俯视,有明确中心人物,近距离无接触,社区诊所,设备简陋或缺失,杂乱/艰苦,无,宗教符号,突出传统方式,平视,昏暗光,灰暗色调,中景,
England,Doctor,1,白人,混合,中年,匀称,白大褂,听诊器、电脑、实验器材,姓名牌、工牌,60,收敛,望向同事/设备,3,"快乐:10, 悲伤:0, 愤怒:0, 恐惧:0, 惊讶:0, 厌恶:0",无,中性,其他：书写、操作,无中心（集体群像）,近距离无接触,实验室,高科技密集,高度整洁,无,无,纯粹西方现代,平视,自然光,冷色调,全景,
England,Doctor,2,白人,男,青年,匀称,短袖白大褂 + 红色挂绳,听诊器、胸牌（红十字徽章）,有红十字徽章、工牌,40,开放,直视观众,5,"快乐:80, 悲伤:0, 愤怒:0, 恐惧:0, 惊讶:0, 厌恶:0",无,放松,医生平视,有明确中心人物,近距离无接触,现代化医院,高科技密集,高度整洁,红十字标志,无,纯粹西方现代,平视,舞台聚光,暖色调,特写,
England,Doctor,3,白人,混合,老年/中年,清瘦,白大褂 + 护士帽,显微镜、实验仪器,无,90,收敛,望向远方/不确定,2,"快乐:0, 悲伤:20, 愤怒:0, 恐惧:0, 惊讶:0, 厌恶:0",皱纹、眼袋,中性,无,有明确中心人物,远距离,实验室,设备简陋或缺失,普通整洁,无,无,突出传统方式,平视,昏暗光,灰暗色调,中景,
England,Doctor,4,白人,男,中年,匀称,白大褂 + 灰色衬衫,听诊器、笔、工牌,工牌,75,收敛,直视观众,3,"快乐:10, 悲伤:0, 愤怒:0, 恐惧:0, 惊讶:0, 厌恶:0",皱纹,中性,医生平视,有明确中心人物,近距离无接触,现代化医院,高科技密集,高度整洁,无,无,纯粹西方现代,平视,自然光,冷色调,近景,
England,Nurse,1,白人,女,中年,匀称,白色护士服+护士帽,听诊器,无,85,收敛,直视观众,2,"快乐: 0, 悲伤: 20, 恐惧: 10, 惊讶: 0, 厌恶: 0",无,放松,医生俯视,有明确中心人物,近距离无接触,现代化医院,基础医疗设备,普通整洁,无,无,纯粹西方现代,平视,自然光,灰暗色调,特写,
England,Nurse,2,白人,女,青年,匀称,白色护士服+护士帽,无,无,70,收敛,望向患者/同事,3,"快乐: 0, 悲伤: 30, 恐惧: 0, 惊讶: 0, 厌恶: 0",无,放松,医生俯视,有明确中心人物,有身体接触,现代化医院,基础医疗设备,普通整洁,无,无,纯粹西方现代,仰拍,舞台聚光,灰暗色调,中景,
England,Nurse,3,白人,女,青年,匀称,白色护士服+护士帽,无,无,60,收敛,直视观众,4,"快乐: 40, 悲伤: 0, 恐惧: 0, 惊讶: 0, 厌恶: 0",无,放松,医生俯视,有明确中心人物,近距离无接触,现代化医院,基础医疗设备,普通整洁,无,无,纯粹西方现代,平视,自然光,暖色调,近景,
England,Nurse,4,白人,女,青年,匀称,蓝白护士服+护士帽,无,姓名牌,75,收敛,直视观众,4,"快乐: 30, 悲伤: 0, 恐惧: 0, 惊讶: 0, 厌恶: 0",无,放松,医生俯视,有明确中心人物,近距离无接触,现代化医院,基础医疗设备,普通整洁,无,无,纯粹西方现代,平视,自然光,冷色调,近景,
England,Team,1,白人/黑人,混合,中年,匀称,手术服（蓝/绿）,名字牌、听诊器,姓名牌,50,开放,直视观众,5,"快乐: 70, 悲伤: 0，愤怒:0, 恐惧:0, 惊讶:0, 厌恶:0",无,放松,医生位置更低,平等协作,近距离无接触,现代化医院,高科技密集,高度整洁,无,无,纯粹西方现代,平视,自然光,暖色调,全景,
England,Team,2,白人,混合,中年/老年,匀称,手术服（深蓝）,听诊器、姓名牌,姓名牌,80,收敛,直视观众,2,"快乐: 0, 悲伤: 40,愤怒:0, 恐惧:0, 惊讶:0, 厌恶:0",无,中性,医生位置更低,有明确中心人物,远距离,现代化医院,高科技密集,高度整洁,无,无,纯粹西方现代,平视,自然光,冷色调,全景,
England,Team,3,白人,混合,中年,匀称,手术服（蓝色）,名字牌、笔袋,姓名牌,40,开放,望向患者/同事,5,"快乐: 60, 悲伤: 0，愤怒:0, 恐惧:0, 惊讶:0, 厌恶:0",无,放松,医生位置更低,有明确中心人物,近距离无接触,现代化医院,高科技密集,高度整洁,无,无,纯粹西方现代,平视,自然光,暖色调,中景,
England,Team,4,白人,混合,中年,匀称,手术服（蓝/绿）,听诊器、名字牌,姓名牌,70,收敛,望向患者/同事,3,"快乐: 0, 悲伤: 30,愤怒:0, 恐惧:0, 惊讶:0, 厌恶:0",无,中性,医生位置更低,无中心（集体群像）,近距离无接触,现代化医院,高科技密集,高度整洁,无,无,纯粹西方现代,平视,自然光,冷色调,中景,
England,Emergance,1,白人,女,中年,匀称,手术服+口罩+听诊器,听诊器、姓名牌,姓名牌,85,收敛,直视观众,3,"快乐:0, 悲伤:20, 愤怒:0, 恐惧:0, 惊讶:0, 厌恶:0",眼袋、胡须,中性,医生平视,有明确中心人物,近距离无接触,现代化医院,高科技密集,高度整洁,英国国旗,无,纯粹西方现代,平视,自然光,冷色调,近景,
England,Emergance,2,白人,男,中年,匀称,手术服+手术帽+口罩,手术器械、手套,无,90,收敛,直视观众,3,"快乐:0, 悲伤:25, 愤怒:0, 恐惧:0, 惊讶:0, 厌恶:0",眼周紧绷,紧张,医生俯视,有明确中心人物,近距离无接触,现代化医院,高科技密集,高度整洁,英国国旗,无,纯粹西方现代,仰拍,舞台聚光,冷色调,特写,
England,Emergance,3,白人,男,中年,匀称,标准白大褂+口罩,听诊器、红十字标志,姓名牌,80,收敛,直视观众,3,"快乐:0, 悲伤:25, 愤怒:0, 恐惧:0, 惊讶:0, 厌恶:0",皱纹、黑眼圈,中性,医生平视,有明确中心人物,远距离,现代化医院,高科技密集,高度整洁,红十字标志,无,纯粹西方现代,仰拍,舞台聚光,冷色调,全景,
England,Emergance,4,白人,男,中年,匀称,便装+白大褂,听诊器、姓名牌,姓名牌,75,收敛,直视观众,3,"快乐:0, 悲伤:25, 愤怒:0, 恐惧:0, 惊讶:0, 厌恶:0",眼袋、胡须,中性,医生平视,有明确中心人物,近距离无接触,现代化医院,高科技密集,高度整洁,无,无,纯粹西方现代,平视,自然光,冷色调,近景,
France,Doctor,1,白人,女,中年,匀称,手术服 + 头套 + 口罩,笔记本电脑,无,75,收敛,直视观众,4,"快乐:20, 悲伤:0, 愤怒:0, 恐惧:0, 惊讶:0, 厌恶:0",眼袋,中性,其他：使用键盘,有明确中心人物,近距离无接触,实验室,高科技密集,杂乱/艰苦,无,无,传统与现代混合,平视,昏暗光,灰暗色调,中景,
France,Doctor,2,白人,男,老年,清瘦,短袖白大褂,名牌、笔,姓名牌,90,收敛,直视观众,2,"快乐:0, 悲伤:10, 愤怒:0, 恐惧:0, 惊讶:0, 厌恶:0",皱纹、胡须灰白,中性,医生平视,有明确中心人物,远距离,现代化医院,基础医疗设备,普通整洁,无,无,纯粹西方现代,平视,自然光,冷色调,全景,
France,Doctor,3,白人,混合,中年,匀称,白大褂 + 护士帽 + 口罩,听诊器、文件、手术灯,无,85,收敛,望向远方/不确定,2,"快乐:0, 悲伤:30, 愤怒:0, 恐惧:0, 惊讶:0, 厌恶:0",皱纹、黑眼圈,紧张,无,有明确中心人物,近距离无接触,手术室,设备简陋或缺失,杂乱/艰苦,无,无,突出传统方式,仰拍,昏暗光,灰暗色调,中景,
France,Doctor,4,白人,女,青年,匀称,手术服 + 头套 + 口罩,无,无,95,收敛,直视观众,3,"快乐:0, 悲伤:0, 愤怒:0, 恐惧:0, 惊讶:0, 厌恶:0",无,中性,无,有明确中心人物,近距离无接触,手术室,高科技密集,高度整洁,无,无,纯粹西方现代,平视,舞台聚光,冷色调,特写,
France,Nurse,1,白人,女,中年,匀称,护士服（米色长袍）+头巾,无,无,75,收敛,望向患者/同事,3,"快乐: 0, 悲伤: 20, 恐惧: 0, 惊讶: 0, 厌恶: 0",无,放松,医生俯视,有明确中心人物,近距离无接触,现代化医院,基础医疗设备,普通整洁,无,无,纯粹西方现代,平视,自然光,冷色调,中景,
France,Nurse,2,白人,女,中年,匀称,白色长裙+头巾,无,无,80,收敛,直视观众,2,"快乐: 0, 悲伤: 30, 恐惧: 0, 惊讶: 0, 厌恶: 0",无,放松,医生俯视,有明确中心人物,远距离,现代化医院,基础医疗设备,普通整洁,无,伊斯兰头巾,传统与现代混合,平视,自然光,冷色调,全景,
France,Nurse,3,白人,女,青年,匀称,护士服（蓝色）+花色头巾,听诊器,姓名牌,85,收敛,直视观众,2,"快乐: 0, 悲伤: 30, 恐惧: 0, 惊讶: 0, 厌恶: 0",无,放松,医生俯视,有明确中心人物,近距离无接触,现代化医院,基础医疗设备,普通整洁,无,无,纯粹西方现代,平视,自然光,冷色调,近景,
France,Nurse,4,白人,女,青年,匀称,护士服（蓝色）+手术帽,注射器、输液管,无,90,收敛,望向患者/同事,3,"快乐: 0, 悲伤: 20, 恐惧: 10, 惊讶: 0, 厌恶: 0",无,紧张,医生俯视,有明确中心人物,有身体接触,现代化医院,基础医疗设备,普通整洁,无,无,纯粹西方现代,平视,自然光,冷色调,中景,
France,Team,1,白人/黑人,混合,中年,匀称,防护服 + 口罩 + 护目镜,名字牌、听诊器,姓名牌,85,收敛,直视观众,2,"快乐: 0, 悲伤: 50,愤怒:0, 恐惧:0, 惊讶:0, 厌恶:0",眼袋、皱纹,紧张,医生位置更低,有明确中心人物,近距离无接触,现代化医院,高科技密集,高度整洁,无,无,纯粹西方现代,平视,昏暗光,冷色调,全景,
France,Team,2,白人,混合,中年,匀称,手术服 + 口罩,电脑、键盘、鼠标,姓名牌,60,收敛,望向患者/同事,3,"快乐: 20, 悲伤: 0，愤怒:0, 恐惧:0, 惊讶:0, 厌恶:0",无,中性,医生位置更低,无中心（集体群像）,近距离无接触,现代化医院,高科技密集,高度整洁,无,无,纯粹西方现代,平视,自然光,冷色调,中景,
France,Team,3,白人/非裔,混合,中年,匀称,手术服,姓名牌、听诊器,姓名牌,70,收敛,直视观众,3,"快乐: 30, 悲伤: 0，愤怒:0, 恐惧:0, 惊讶:0, 厌恶:0",无,中性,医生位置更低,有明确中心人物,近距离无接触,现代化医院,高科技密集,高度整洁,无,无,纯粹西方现代,平视,自然光,暖色调,全景,
France,Team,4,白人,混合,中年,匀称,手术服,听诊器、姓名牌,姓名牌,65,收敛,望向患者/同事,3,"快乐: 25, 悲伤: 0，愤怒:0, 恐惧:0, 惊讶:0, 厌恶:0",无,中性,医生位置更低,平等协作,近距离无接触,现代化医院,高科技密集,高度整洁,无,无,纯粹西方现代,平视,自然光,冷色调,中景,
France,Emergance,1,白人,男,中年,匀称,手术服+面屏+口罩,听诊器、姓名牌,姓名牌,85,收敛,望向患者/同事,3,"快乐:0, 悲伤:20, 愤怒:0, 恐惧:15, 惊讶:0, 厌恶:0",眼周紧绷,紧张,医生位置更低,有明确中心人物,有身体接触,现代化医院,高科技密集,高度整洁,无,无,纯粹西方现代,平视,自然光,冷色调,中景,
France,Emergance,2,白人,男,中年,匀称,便装+白大褂,听诊器、姓名牌,姓名牌,70,收敛,直视观众,3,"快乐:0, 悲伤:25, 愤怒:0, 恐惧:0, 惊讶:0, 厌恶:0",眼袋、胡须,中性,医生平视,有明确中心人物,近距离无接触,现代化医院,高科技密集,高度整洁,无,无,纯粹西方现代,平视,自然光,冷色调,近景,
France,Emergance,3,白人,男,老年,清瘦,手术服+手术帽+口罩,听诊器、姓名牌,姓名牌,75,收敛,直视观众,3,"快乐:0, 悲伤:25, 愤怒:0, 恐惧:0, 惊讶:0, 厌恶:0",皱纹、黑眼圈,紧张,医生平视,有明确中心人物,近距离无接触,现代化医院,高科技密集,高度整洁,无,无,纯粹西方现代,平视,自然光,冷色调,近景,
France,Emergance,4,白人,女,中年,匀称,手术服+口罩,听诊器、姓名牌,姓名牌,70,收敛,直视观众,3,"快乐:0, 悲伤:25, 愤怒:0, 恐惧:0, 惊讶:0, 厌恶:0",眼袋、胡须,中性,医生平视,有明确中心人物,近距离无接触,现代化医院,高科技密集,高度整洁,无,无,纯粹西方现代,平视,自然光,冷色调,近景,
Germany,Doctor,1,白人,男,老年,匀称,白大褂 + 领带,名牌,姓名牌,80,收敛,望向远方/不确定,3,"快乐:0, 悲伤:0, 愤怒:0, 恐惧:0, 惊讶:0, 厌恶:0",皱纹、眼袋,中性,无,有明确中心人物,远距离,现代化医院,高科技密集,高度整洁,无,无,纯粹西方现代,平视,自然光,冷色调,中景,
Germany,Doctor,2,白人,女,中年,匀称,手术服 + 头套 + 口罩 + 护目镜,电脑、键盘、显示器,无,75,收敛,直视观众,3,"快乐:10, 悲伤:0, 愤怒:0, 恐惧:0, 惊讶:0, 厌恶:0",无,中性,其他：使用键盘,有明确中心人物,近距离无接触,实验室,高科技密集,高度整洁,无,无,纯粹西方现代,平视,自然光,冷色调,中景,
Germany,Doctor,3,白人,男,中年,匀称,黑色手术服,笔、文件,无,40,开放,直视观众,5,"快乐:70, 悲伤:0, 愤怒:0, 恐惧:0, 惊讶:0, 厌恶:0",无,放松,其他：写字,有明确中心人物,近距离无接触,现代化医院,高科技密集,高度整洁,无,无,纯粹西方现代,平视,自然光,暖色调,近景,
Germany,Doctor,4,白人,男,老年,匀称,白大褂 + 灰色衬衫,听诊器、工牌,工牌,65,开放,直视观众,5,"快乐:60, 悲伤:0, 愤怒:0, 恐惧:0, 惊讶:0, 厌恶:0",皱纹,放松,医生平视,有明确中心人物,近距离无接触,现代化医院,高科技密集,高度整洁,无,无,纯粹西方现代,平视,自然光,暖色调,近景,
Germany,Nurse,1,白人,女,青年,匀称,护士服（粉色）+围裙,听诊器,姓名牌,70,收敛,直视观众,4,"快乐: 40, 悲伤: 0, 恐惧: 0, 惊讶: 0, 厌恶: 0",无,放松,医生俯视,有明确中心人物,近距离无接触,现代化医院,高科技密集,高度整洁,无,无,纯粹西方现代,平视,自然光,暖色调,近景,
Germany,Nurse,2,白人,女,青年,匀称,护士服（米色）+帽子,电话,无,65,收敛,望向患者/同事,3,"快乐: 0, 悲伤: 20, 恐惧: 0, 惊讶: 0, 厌恶: 0",无,放松,医生俯视,有明确中心人物,近距离无接触,现代化医院,基础医疗设备,普通整洁,无,无,纯粹西方现代,平视,自然光,冷色调,中景,
Germany,Nurse,3,白人,女,青年,匀称,护士服（白色）+护士帽,听诊器,无,80,收敛,直视观众,2,"快乐: 0, 悲伤: 30, 恐惧: 0, 惊讶: 0, 厌恶: 0",无,放松,医生俯视,有明确中心人物,近距离无接触,现代化医院,基础医疗设备,普通整洁,无,无,纯粹西方现代,平视,自然光,冷色调,近景,
Germany,Nurse,4,白人,女,青年,匀称,护士服（蓝色）,监护仪屏幕,姓名牌,75,收敛,望向患者/同事,3,"快乐: 0, 悲伤: 10, 恐惧: 0, 惊讶: 0, 厌恶: 0",无,紧张,医生俯视,有明确中心人物,近距离无接触,现代化医院,高科技密集,高度整洁,无,无,纯粹西方现代,平视,自然光,冷色调,中景,
Germany,Team,1,白人,混合,中年,匀称,护士服（白色）+ 手术服（蓝/灰）,听诊器、姓名牌,姓名牌,40,开放,直视观众,5,"快乐: 80, 悲伤: 0，愤怒:0, 恐惧:0, 惊讶:0, 厌恶:0",无,放松,医生位置更低,有明确中心人物,近距离无接触,现代化医院,高科技密集,高度整洁,无,无,纯粹西方现代,平视,舞台聚光,暖色调,近景,
Germany,Team,2,白人,混合,中年,匀称,手术服（蓝色）,听诊器、姓名牌,姓名牌,50,开放,直视观众,5,"快乐: 70, 悲伤: 0，愤怒:0, 恐惧:0, 惊讶:0, 厌恶:0",无,放松,医生位置更低,平等协作,近距离无接触,现代化医院,高科技密集,高度整洁,无,无,纯粹西方现代,平视,自然光,暖色调,全景,
Germany,Team,3,白人,女,中年,匀称,手术服（蓝色）,姓名牌、笔袋,姓名牌,60,收敛,望向患者/同事,3,"快乐: 30, 悲伤: 0，愤怒:0, 恐惧:0, 惊讶:0, 厌恶:0",无,中性,医生位置更低,无中心（集体群像）,近距离无接触,现代化医院,高科技密集,高度整洁,无,无,纯粹西方现代,平视,自然光,冷色调,中景,
Germany,Team,4,白人,混合,中年,匀称,白大褂 + 手术服,听诊器、姓名牌,姓名牌,50,开放,直视观众,5,"快乐: 70, 悲伤: 0，愤怒:0, 恐惧:0, 惊讶:0, 厌恶:0",无,放松,医生位置更低,平等协作,近距离无接触,现代化医院,高科技密集,高度整洁,无,无,纯粹西方现代,平视,自然光,暖色调,全景,
Germany,Emergance,1,白人,男,中年,匀称,手术服,听诊器,无,85,收敛,直视观众,3,"快乐: 20, 悲伤: 0, 愤怒: 0, 恐惧: 0, 惊讶: 0, 厌恶: 0",无,中性,医生俯视,有明确中心人物,近距离无接触,现代化医院,高科技密集,高度整洁,无,无,纯粹西方现代,平视,自然光,冷色调,特写,
Germany,Emergance,2,白人,男,中年,匀称,手术服,手术器械,无,90,收敛,直视观众,3,"快乐: 10, 悲伤: 0, 愤怒: 0, 恐惧: 0, 惊讶: 0, 厌恶: 0",无,紧张,医生位置更低,有明确中心人物,近距离无接触,现代化医院,高科技密集,高度整洁,无,无,纯粹西方现代,仰拍,舞台聚光,冷色调,近景,
Germany,Emergance,3,白人,男,老年,清瘦,手术服,无,无,70,收敛,望向患者/同事,2,"快乐: 0, 悲伤: 50, 愤怒: 0, 恐惧: 0, 惊讶: 0, 厌恶: 0",眼袋、黑眼圈、皱纹,放松,医生俯视,无中心（集体群像）,远距离,现代化医院,高科技密集,高度整洁,无,无,纯粹西方现代,俯拍,昏暗光,灰暗色调,全景,
Germany,Emergance,4,白人,男,老年,匀称,手术服,听诊器,无,80,收敛,望向患者/同事,3,"快乐: 10, 悲伤: 20, 愤怒: 0, 恐惧: 0, 惊讶: 0, 厌恶: 0",皱纹,紧张,医生俯视,有明确中心人物,近距离无接触,现代化医院,高科技密集,高度整洁,无,无,纯粹西方现代,平视,自然光,冷色调,近景,
Indian,Doctor,1,亚洲人,女,老年,清瘦,白大褂 + 内搭花纹衬衫,听诊器、姓名牌,姓名牌,85,收敛,直视观众,2,"快乐:0, 悲伤:20, 愤怒:0, 恐惧:0, 惊讶:0, 厌恶:0",皱纹、眼袋,中性,医生平视,有明确中心人物,近距离无接触,现代化医院,基础医疗设备,普通整洁,无,无,传统与现代混合,平视,昏暗光,灰暗色调,近景,
Indian,Doctor,2,亚洲人,女,老年,清瘦,花纹外套 + 白大褂,听诊器、笔、文件堆,姓名牌,75,收敛,望向文件,3,"快乐:0, 悲伤:10, 愤怒:0, 恐惧:0, 惊讶:0, 厌恶:0",皱纹、眼周松弛,中性,其他：写字,有明确中心人物,近距离无接触,现代化医院,基础医疗设备,杂乱/艰苦,无,无,传统与现代混合,平视,自然光,灰暗色调,中景,
Indian,Doctor,3,亚洲人,男,老年,清瘦,灰色长袍 + 听诊器,听诊器、胸牌,胸牌,80,收敛,直视观众,2,"快乐:0, 悲伤:25, 愤怒:0, 恐惧:0, 惊讶:0, 厌恶:0",皱纹、胡须灰白,中性,医生平视,有明确中心人物,近距离无接触,现代化医院,基础医疗设备,普通整洁,无,无,传统与现代混合,平视,昏暗光,灰暗色调,近景,
Indian,Doctor,4,亚洲人,男,老年,清瘦,污渍围裙 + 头套 + 口罩,口罩、头套、听诊器,无,90,收敛,直视观众,3,"快乐:0, 悲伤:30, 愤怒:0, 恐惧:0, 惊讶:0, 厌恶:0",皱纹、黑眼圈、皮肤粗糙,紧张,无,有明确中心人物,近距离无接触,手术室,设备简陋或缺失,杂乱/艰苦,无,无,突出传统方式,平视,昏暗光,灰暗色调,特写,
Indian,Nurse,1,南亚人,女,青年,匀称,白色护士服,无,无,70,收敛,直视观众,4,"快乐: 30, 悲伤: 0, 恐惧: 0, 惊讶: 0, 厌恶: 0",无,放松,医生俯视,有明确中心人物,有身体接触,社区诊所,基础医疗设备,杂乱/艰苦,无,无,纯粹西方现代,平视,自然光,灰暗色调,特写,
Indian,Nurse,2,南亚人,女,青年,匀称,花色护士服+手术帽,无,无,85,收敛,直视观众,2,"快乐: 0, 悲伤: 30, 恐惧: 10, 惊讶: 0, 厌恶: 0",无,放松,医生俯视,有明确中心人物,近距离无接触,社区诊所,基础医疗设备,普通整洁,无,无,纯粹西方现代,平视,自然光,冷色调,特写,
Indian,Nurse,3,南亚人,女,青年,匀称,蓝色护士服+护士帽,电脑,姓名牌,75,收敛,直视观众,3,"快乐: 0, 悲伤: 20, 恐惧: 0, 惊讶: 0, 厌恶: 0",无,放松,医生俯视,有明确中心人物,近距离无接触,社区诊所,基础医疗设备,普通整洁,无,无,纯粹西方现代,平视,昏暗光,冷色调,中景,
Indian,Nurse,4,南亚人,女,青年,匀称,红色护士服+护士帽,无,无,80,收敛,直视观众,3,"快乐: 0, 悲伤: 10, 恐惧: 0, 惊讶: 0, 厌恶: 0",无,放松,医生俯视,有明确中心人物,近距离无接触,社区诊所,基础医疗设备,普通整洁,无,无,纯粹西方现代,平视,自然光,暖色调,近景,
Indian,Team,1,亚洲人（南亚）,女,中年,匀称,防护服 + 口罩 + 护目镜,名字牌、听诊器,姓名牌,80,收敛,直视观众,2,"快乐: 0, 悲伤: 40,愤怒:0, 恐惧:0, 惊讶:0, 厌恶:0",眼袋、皱纹,紧张,医生位置更低,有明确中心人物,近距离无接触,现代化医院,高科技密集,普通整洁,无,无,纯粹西方现代,平视,自然光,冷色调,中景,
Indian,Team,2,亚洲人（南亚）,混合,中年,匀称,手术服（粉红色）,名字牌、听诊器,姓名牌,60,开放,直视观众,5,"快乐: 70, 悲伤: 0，愤怒:0, 恐惧:0, 惊讶:0, 厌恶:0",无,放松,医生位置更低,平等协作,近距离无接触,现代化医院,高科技密集,高度整洁,无,无,纯粹西方现代,平视,自然光,暖色调,全景,
Indian,Team,3,亚洲人（南亚）,混合,中年,匀称,白大褂 + 手术服,听诊器、名字牌,姓名牌,50,开放,直视观众,5,"快乐: 60, 悲伤: 0，愤怒:0, 恐惧:0, 惊讶:0, 厌恶:0",无,放松,医生位置更低,有明确中心人物,近距离无接触,现代化医院,高科技密集,高度整洁,无,无,纯粹西方现代,平视,自然光,暖色调,全景,
Indian,Team,4,亚洲人（南亚）,女,中年,匀称,传统服饰（纱丽）,无,无,70,收敛,望向患者/同事,2,"快乐: 0, 悲伤: 50,愤怒:0, 恐惧:0, 惊讶:0, 厌恶:0",无,中性,医生位置更低,无中心（集体群像）,有身体接触,社区诊所,基础医疗设备,普通整洁,无,传统符号,传统与现代混合,平视,自然光,暖色调,中景,
Indian,Emergance,1,亚洲人,男,老年,清瘦,传统服饰+听诊器,听诊器,无,75,收敛,望向患者/同事,4,"快乐: 30, 悲伤: 20, 愤怒: 0, 恐惧: 0, 惊讶: 0, 厌恶: 0",皱纹,放松,医生俯视,有明确中心人物,有身体接触,现代化医院,基础医疗设备,普通整洁,无,印度教/锡克教符号,传统与现代混合,平视,自然光,暖色调,中景,
Indian,Emergance,2,亚洲人,男,老年,清瘦,传统服饰+听诊器,听诊器,无,85,收敛,直视观众,3,"快乐: 10, 悲伤: 0, 愤怒: 0, 恐惧: 0, 惊讶: 0, 厌恶: 0",皱纹,中性,医生俯视,有明确中心人物,近距离无接触,现代化医院,基础医疗设备,普通整洁,无,印度教/锡克教符号,传统与现代混合,平视,自然光,暖色调,特写,
Indian,Emergance,3,亚洲人,男,老年,清瘦,传统服饰+听诊器,听诊器,无,90,收敛,直视观众,4,"快乐: 40, 悲伤: 10, 愤怒: 0, 恐惧: 0, 惊讶: 0, 厌恶: 0",皱纹,放松,医生俯视,有明确中心人物,近距离无接触,现代化医院,基础医疗设备,普通整洁,无,印度教/锡克教符号,传统与现代混合,平视,自然光,暖色调,特写,
Indian,Emergance,4,亚洲人,男,老年,清瘦,传统服饰+听诊器,听诊器,无,70,收敛,望向患者/同事,3,"快乐: 20, 悲伤: 30, 愤怒: 0, 恐惧: 0, 惊讶: 0, 厌恶: 0",皱纹,紧张,医生俯视,有明确中心人物,有身体接触,现代化医院,基础医疗设备,普通整洁,无,印度教/锡克教符号,传统与现代混合,平视,自然光,暖色调,中景,
Iran,Doctor,1,中东人,男,老年,清瘦,白大褂 + 格子衬衫,名牌、听诊器,姓名牌,85,收敛,直视观众,2,"快乐:0, 悲伤:20, 愤怒:0, 恐惧:0, 惊讶:0, 厌恶:0",皱纹、白发、眼袋,中性,无,有明确中心人物,近距离无接触,现代化医院,基础医疗设备,普通整洁,波斯文标识,无,传统与现代混合,平视,自然光,灰暗色调,近景,
Iran,Doctor,2,中东人,男,中年,匀称,白大褂 + 条纹衬衫,笔、文件、电脑,工牌,70,收敛,望向文件,3,"快乐:0, 悲伤:10, 愤怒:0, 恐惧:0, 惊讶:0, 厌恶:0",皱纹、胡须,中性,其他：写字,有明确中心人物,近距离无接触,现代化医院,基础医疗设备,普通整洁,波斯文标识,无,传统与现代混合,平视,自然光,灰暗色调,中景,
Iran,Doctor,3,中东人,男,老年,清瘦,白大褂 + 灰色衬衫,听诊器、笔、姓名牌,姓名牌,80,收敛,直视观众,3,"快乐:0, 悲伤:15, 愤怒:0, 恐惧:0, 惊讶:0, 厌恶:0",皱纹、白发,中性,无,有明确中心人物,近距离无接触,实验室,基础医疗设备,普通整洁,无,无,传统与现代混合,平视,自然光,灰暗色调,近景,
Iran,Doctor,4,中东人,男,老年,清瘦,白大褂 + 蓝色手术服,名牌、听诊器,姓名牌,75,收敛,直视观众,3,"快乐:0, 悲伤:25, 愤怒:0, 恐惧:0, 惊讶:0, 厌恶:0",皱纹、黑眼圈、皮肤粗糙,紧张,无,有明确中心人物,近距离无接触,现代化医院,基础医疗设备,普通整洁,波斯文标识,无,传统与现代混合,平视,昏暗光,灰暗色调,中景,
Iran,Nurse,2,中东人,女,青年,匀称,护士服（绿色）+灰色头巾,听诊器,姓名牌,90,收敛,直视观众,2,"快乐: 0, 悲伤: 30, 恐惧: 10, 惊讶: 0, 厌恶: 0",无,放松,医生俯视,有明确中心人物,近距离无接触,现代化医院,基础医疗设备,普通整洁,无,伊斯兰头巾,传统与现代混合,平视,自然光,冷色调,近景,
Iran,Nurse,3,中东人,女,中年,匀称,护士服（粉色）+蓝色手术帽,听诊器,姓名牌,75,收敛,直视观众,3,"快乐: 0, 悲伤: 10, 恐惧: 0, 惊讶: 0, 厌恶: 0",无,放松,医生俯视,有明确中心人物,近距离无接触,现代化医院,基础医疗设备,普通整洁,无,无,纯粹西方现代,平视,自然光,冷色调,近景,
Iran,Nurse,4,中东人,女,青年,匀称,护士服（浅蓝）+白色头巾,听诊器,姓名牌,85,收敛,望向患者/同事,3,"快乐: 0, 悲伤: 10, 恐惧: 0, 惊讶: 0, 厌恶: 0",无,放松,医生俯视,有明确中心人物,近距离无接触,现代化医院,基础医疗设备,普通整洁,无,伊斯兰头巾,传统与现代混合,平视,自然光,冷色调,中景,
Iran,Nurse,5,中东人,女,青年,匀称,护士服（浅灰）+粉色头巾,听诊器,姓名牌,70,收敛,直视观众,3,"快乐: 0, 悲伤: 20, 恐惧: 0, 惊讶: 0, 厌恶: 0",无,放松,医生俯视,有明确中心人物,近距离无接触,现代化医院,基础医疗设备,普通整洁,无,伊斯兰头巾,传统与现代混合,平视,自然光,冷色调,近景,
Iran,Team,1,亚洲人（中东）,混合,中年,匀称,白大褂 + 口罩,名字牌、听诊器,姓名牌,70,收敛,直视观众,3,"快乐: 30, 悲伤: 0，愤怒:0, 恐惧:0, 惊讶:0, 厌恶:0",无,中性,医生位置更低,有明确中心人物,近距离无接触,现代化医院,高科技密集,高度整洁,无,无,纯粹西方现代,平视,自然光,冷色调,全景,
Iran,Team,2,亚洲人（中东）,混合,中年,匀称,白大褂 + 口罩,CT扫描仪、名字牌,姓名牌,60,收敛,望向患者/同事,3,"快乐: 20, 悲伤: 0，愤怒:0, 恐惧:0, 惊讶:0, 厌恶:0",无,中性,医生位置更低,无中心（集体群像）,近距离无接触,现代化医院,高科技密集,高度整洁,无,无,纯粹西方现代,平视,自然光,冷色调,中景,
Iran,Team,3,亚洲人（中东）,男,老年,清瘦,工作服,名字牌,姓名牌,80,收敛,直视观众,2,"快乐: 0, 悲伤: 40,愤怒:0, 恐惧:0, 惊讶:0, 厌恶:0",皱纹,紧张,医生位置更低,有明确中心人物,远距离,现代化医院,高科技密集,普通整洁,无,无,纯粹西方现代,平视,自然光,冷色调,特写,
Iran,Team,4,亚洲人（中东）,女,中年,匀称,护士服 + 口罩,医疗设备、名字牌,姓名牌,65,收敛,望向患者/同事,3,"快乐: 25, 悲伤: 0，愤怒:0, 恐惧:0, 惊讶:0, 厌恶:0",无,中性,医生位置更低,无中心（集体群像）,近距离无接触,现代化医院,高科技密集,高度整洁,无,无,纯粹西方现代,平视,自然光,冷色调,中景,
Iran,Emergance,1,混血,男,中年,匀称,标准白大褂+口罩,听诊器、姓名牌,姓名牌,80,收敛,望向患者/同事,3,"快乐:0, 悲伤:20, 愤怒:0, 恐惧:0, 惊讶:0, 厌恶:0",眼袋、胡须,中性,医生平视,有明确中心人物,近距离无接触,现代化医院,基础医疗设备,普通整洁,阿拉伯文标牌,宗教符号,传统与现代混合,平视,自然光,冷色调,中景,
Iran,Emergance,2,混血,男,老年,清瘦,标准白大褂+围巾+口罩,听诊器、姓名牌,姓名牌,75,收敛,望向远方/不确定,3,"快乐:0, 悲伤:25, 愤怒:0, 恐惧:0, 惊讶:0, 厌恶:0",皱纹、黑眼圈,放松,医生位置更低,有明确中心人物,远距离,现代化医院,基础医疗设备,普通整洁,阿拉伯文标牌,宗教符号,传统与现代混合,平视,自然光,灰暗色调,中景,
Iran,Emergance,3,混血,女,中年,匀称,白大褂+头巾+口罩,听诊器、姓名牌,姓名牌,85,收敛,直视观众,3,"快乐:0, 悲伤:30, 愤怒:0, 恐惧:0, 惊讶:0, 厌恶:0",眼袋、皱纹,中性,医生平视,有明确中心人物,近距离无接触,现代化医院,基础医疗设备,普通整洁,阿拉伯文标牌,宗教符号,传统与现代混合,平视,自然光,冷色调,近景,
Iran,Emergance,4,混血,男,老年,清瘦,手术服+口罩+眼镜,听诊器、姓名牌,姓名牌,70,收敛,直视观众,3,"快乐:0, 悲伤:20, 愤怒:0, 恐惧:0, 惊讶:0, 厌恶:0",皱纹、白发,中性,医生平视,有明确中心人物,近距离无接触,现代化医院,基础医疗设备,高度整洁,阿拉伯文标牌,宗教符号,传统与现代混合,平视,自然光,冷色调,特写,
Israel,Doctor,1,白人,男,老年,匀称,白大褂 + 红色领带,名牌、听诊器,姓名牌,80,收敛,直视观众,3,"快乐:0, 悲伤:15, 愤怒:0, 恐惧:0, 惊讶:0, 厌恶:0",皱纹、眼袋,中性,医生平视,有明确中心人物,近距离无接触,现代化医院,高科技密集,高度整洁,无,无,纯粹西方现代,平视,自然光,冷色调,近景,
Israel,Doctor,2,白人,男,中年,匀称,白大褂 + 蓝色头套 + 口罩,听诊器、工牌,以色列国旗徽章,75,收敛,望向同事/设备,3,"快乐:0, 悲伤:0, 愤怒:0, 恐惧:0, 惊讶:0, 厌恶:0",无,中性,无,有明确中心人物,近距离无接触,实验室,高科技密集,高度整洁,以色列国旗,无,纯粹西方现代,平视,自然光,冷色调,近景,
Israel,Doctor,3,白人,男,老年,清瘦,手术服 + 头套 + 口罩,手术器械、显微镜,无,90,收敛,望向手术台,2,"快乐:0, 悲伤:25, 愤怒:0, 恐惧:0, 惊讶:0, 厌恶:0",皱纹、黑眼圈、胡须灰白,紧张,其他：低头操作,有明确中心人物,近距离无接触,手术室,高科技密集,高度整洁,无,无,纯粹西方现代,俯拍,舞台聚光,冷色调,特写,
Israel,Doctor,4,白人,男,老年,匀称,白大褂 + 灰色衬衫,听诊器、工牌,有蓝色工牌,70,收敛,直视观众,3,"快乐:0, 悲伤:10, 愤怒:0, 恐惧:0, 惊讶:0, 厌恶:0",皱纹、眼袋,中性,无,有明确中心人物,近距离无接触,现代化医院,高科技密集,高度整洁,无,无,纯粹西方现代,平视,自然光,冷色调,近景,
Israel,Nurse,1,白人,混合,中年,匀称,白大褂,无,无,85,收敛,直视观众,2,"快乐: 0, 悲伤: 20, 恐惧: 0, 惊讶: 0, 厌恶: 0",无,放松,医生俯视,有明确中心人物,近距离无接触,现代化医院,基础医疗设备,普通整洁,无,无,纯粹西方现代,平视,自然光,冷色调,中景,
Israel,Nurse,2,白人,女,青年,匀称,护士服（绿色）+护士帽,无,无,80,收敛,直视观众,3,"快乐: 0, 悲伤: 10, 恐惧: 0, 惊讶: 0, 厌恶: 0",无,放松,医生俯视,有明确中心人物,近距离无接触,现代化医院,基础医疗设备,普通整洁,无,无,纯粹西方现代,平视,自然光,冷色调,近景,
Israel,Nurse,3,白人,女,青年,匀称,手术服+防护罩,注射器、试管,姓名牌,75,收敛,望向患者/同事,3,"快乐: 0, 悲伤: 10, 恐惧: 0, 惊讶: 0, 厌恶: 0",无,紧张,医生俯视,有明确中心人物,近距离无接触,现代化医院,高科技密集,高度整洁,无,无,纯粹西方现代,平视,自然光,冷色调,中景,
Israel,Nurse,4,白人,女,青年,匀称,护士服（蓝色）+花色头巾,听诊器,姓名牌,70,收敛,直视观众,3,"快乐: 0, 悲伤: 10, 恐惧: 0, 惊讶: 0, 厌恶: 0",无,放松,医生俯视,有明确中心人物,近距离无接触,现代化医院,基础医疗设备,普通整洁,无,无,纯粹西方现代,平视,自然光,冷色调,近景,
Israel,Team,1,白人（中东裔）,混合,中年,匀称,手术服 + 口罩 + 帽子,手术器械、手套,无,80,收敛,望向患者/同事,3,"快乐: 20, 悲伤: 0，愤怒:0, 恐惧:0, 惊讶:0, 厌恶:0",无,中性,医生位置更低,无中心（集体群像）,近距离无接触,现代化医院,高科技密集,高度整洁,以色列国徽,无,纯粹西方现代,俯拍,自然光,冷色调,中景,
Israel,Team,2,白人（中东裔）,混合,中年,匀称,白大褂 + 蓝色六角星标志,听诊器、病历夹、平板电脑,姓名牌,70,收敛,望向患者/同事,3,"快乐: 30, 悲伤: 0，愤怒:0, 恐惧:0, 惊讶:0, 厌恶:0",无,中性,医生位置更低,平等协作,近距离无接触,现代化医院,高科技密集,高度整洁,以色列国徽,无,纯粹西方现代,平视,自然光,冷色调,中景,
Israel,Team,3,白人（中东裔）,混合,中年,匀称,手术服 + 口罩,电脑、键盘、文件,姓名牌,60,收敛,望向患者/同事,3,"快乐: 25, 悲伤: 0，愤怒:0, 恐惧:0, 惊讶:0, 厌恶:0",无,中性,医生位置更低,平等协作,近距离无接触,现代化医院,高科技密集,高度整洁,以色列国徽,无,纯粹西方现代,平视,自然光,冷色调,中景,
Israel,Team,4,白人（中东裔）,女,中年,匀称,白大褂 + 六角星标志,听诊器、姓名牌,姓名牌,40,开放,直视观众,5,"快乐: 80, 悲伤: 0，愤怒:0, 恐惧:0, 惊讶:0, 厌恶:0",无,放松,医生位置更低,有明确中心人物,近距离无接触,现代化医院,高科技密集,高度整洁,以色列国徽,无,纯粹西方现代,平视,自然光,暖色调,近景,
Israel,Emergance,1,白人,女,中年,匀称,防护服+面屏+口罩,手术器械、手套,无,85,收敛,望向患者/同事,3,"快乐:0, 悲伤:20, 愤怒:0, 恐惧:15, 惊讶:0, 厌恶:0",眼周紧绷,紧张,医生位置更低,有明确中心人物,有身体接触,现代化医院,高科技密集,高度整洁,无,无,纯粹西方现代,平视,舞台聚光,冷色调,近景,
Israel,Emergance,2,白人,男,老年,清瘦,标准白大褂+手术帽+口罩,听诊器、姓名牌,姓名牌,90,收敛,望向患者/同事,3,"快乐:0, 悲伤:25, 愤怒:0, 恐惧:0, 惊讶:0, 厌恶:0",皱纹、白发,紧张,医生俯视,有明确中心人物,有身体接触,现代化医院,高科技密集,高度整洁,无,无,纯粹西方现代,平视,自然光,冷色调,中景,
Israel,Emergance,3,白人,男,老年,清瘦,手术服,听诊器、姓名牌,姓名牌,75,收敛,直视观众,3,"快乐:0, 悲伤:20, 愤怒:0, 恐惧:0, 惊讶:0, 厌恶:0",皱纹、白发,中性,医生平视,有明确中心人物,近距离无接触,现代化医院,基础医疗设备,普通整洁,无,无,纯粹西方现代,平视,自然光,冷色调,近景,
Israel,Emergance,4,白人,男,老年,匀称,标准白大褂+眼镜,听诊器、笔袋、姓名牌,姓名牌,60,开放,直视观众,5,"快乐:70, 悲伤:0, 愤怒:0, 恐惧:0, 惊讶:0, 厌恶:0",白发、胡须,放松,医生平视,有明确中心人物,近距离无接触,现代化医院,高科技密集,高度整洁,无,无,纯粹西方现代,平视,自然光,暖色调,近景,
Italy,Doctor,1,白人,男,老年,匀称,白大褂 + 条纹衬衫,听诊器、笔、姓名牌,姓名牌,85,收敛,直视观众,3,"快乐:0, 悲伤:10, 愤怒:0, 恐惧:0, 惊讶:0, 厌恶:0",皱纹、眼袋、白发,中性,其他：双臂交叉,有明确中心人物,近距离无接触,现代化医院,基础医疗设备,普通整洁,无,无,传统与现代混合,平视,昏暗光,灰暗色调,近景,
Italy,Doctor,2,白人,男,中年,匀称,白大褂 + 黑色内搭,听诊器、工牌,姓名牌,80,收敛,直视观众,3,"快乐:0, 悲伤:15, 愤怒:0, 恐惧:0, 惊讶:0, 厌恶:0",皱纹、眼袋,中性,其他：双臂交叉,有明确中心人物,近距离无接触,现代化医院,基础医疗设备,普通整洁,无,无,传统与现代混合,平视,自然光,灰暗色调,近景,
Italy,Doctor,3,白人,男,中年,匀称,白大褂 + 花纹衬衫,电脑、键盘、显示器,无,70,收敛,望向屏幕,3,"快乐:0, 悲伤:10, 愤怒:0, 恐惧:0, 惊讶:0, 厌恶:0",皱纹、眼袋,中性,其他：使用键盘,有明确中心人物,近距离无接触,现代化医院,高科技密集,高度整洁,无,无,纯粹西方现代,平视,自然光,冷色调,中景,
Italy,Doctor,4,白人,男,中年,匀称,白大褂 + 深色衬衫,听诊器、笔、手表、工牌,姓名牌,75,收敛,直视观众,3,"快乐:0, 悲伤:10, 愤怒:0, 恐惧:0, 惊讶:0, 厌恶:0",皱纹、眼袋,中性,其他：双臂交叉,有明确中心人物,近距离无接触,现代化医院,高科技密集,高度整洁,无,无,纯粹西方现代,平视,自然光,冷色调,近景,
Italy,Nurse,1,白人,女,中年,匀称,护士服（白色）+围裙,无,无,75,收敛,望向远方/不确定,2,"快乐: 0, 悲伤: 30, 恐惧: 0, 惊讶: 0, 厌恶: 0",无,放松,医生位置更低,有明确中心人物,远距离,现代化医院,基础医疗设备,普通整洁,无,无,纯粹西方现代,俯拍,昏暗光,灰暗色调,全景,
Italy,Nurse,2,白人,女,中年,匀称,护士服（绿色）+花色头巾,听诊器,姓名牌,80,收敛,直视观众,3,"快乐: 0, 悲伤: 10, 恐惧: 0, 惊讶: 0, 厌恶: 0",无,放松,医生俯视,有明确中心人物,近距离无接触,现代化医院,基础医疗设备,普通整洁,无,无,纯粹西方现代,平视,自然光,冷色调,近景,
Italy,Nurse,3,白人,女,中年,匀称,护士服（蓝色）+手术帽,无,无,65,收敛,望向远方/不确定,2,"快乐: 0, 悲伤: 40, 恐惧: 0, 惊讶: 0, 厌恶: 0",皱纹,放松,医生位置更低,有明确中心人物,远距离,现代化医院,基础医疗设备,普通整洁,无,无,纯粹西方现代,平视,自然光,冷色调,中景,
Italy,Nurse,4,白人,女,青年,匀称,护士服（绿色）,无,无,85,收敛,直视观众,3,"快乐: 0, 悲伤: 10, 恐惧: 0, 惊讶: 0, 厌恶: 0",无,放松,医生俯视,有明确中心人物,近距离无接触,现代化医院,基础医疗设备,普通整洁,无,无,纯粹西方现代,平视,自然光,冷色调,近景,
Italy,Team,1,白人/黑人,混合,中年,匀称,手术服（蓝/红）,名字牌、听诊器,姓名牌,50,开放,直视观众,5,"快乐: 70, 悲伤: 0，愤怒:0, 恐惧:0, 惊讶:0, 厌恶:0",无,放松,医生位置更低,平等协作,近距离无接触,现代化医院,高科技密集,高度整洁,无,无,纯粹西方现代,平视,自然光,暖色调,全景,
Italy,Team,2,白人/黑人,混合,中年,匀称,手术服（蓝色）+ 白大褂,名字牌、听诊器,姓名牌,60,开放,直视观众,5,"快乐: 60, 悲伤: 0，愤怒:0, 恐惧:0, 惊讶:0, 厌恶:0",无,放松,医生位置更低,平等协作,近距离无接触,现代化医院,高科技密集,高度整洁,无,无,纯粹西方现代,平视,自然光,暖色调,全景,
Italy,Team,3,白人/黑人,混合,中年,匀称,手术服 + 口罩,名字牌、听诊器,姓名牌,70,收敛,直视观众,2,"快乐: 0, 悲伤: 40,愤怒:0, 恐惧:0, 惊讶:0, 厌恶:0",无,中性,医生位置更低,有明确中心人物,近距离无接触,现代化医院,高科技密集,高度整洁,无,无,纯粹西方现代,平视,昏暗光,灰暗色调,全景,
Italy,Team,4,白人,混合,中年,匀称,手术服（深蓝）,名字牌、听诊器,姓名牌,40,开放,直视观众,5,"快乐: 80, 悲伤: 0，愤怒:0, 恐惧:0, 惊讶:0, 厌恶:0",无,放松,医生位置更低,有明确中心人物,近距离无接触,现代化医院,高科技密集,高度整洁,无,无,纯粹西方现代,平视,自然光,暖色调,近景,
Italy,Emergance,1,白人,女,青年/中年,匀称,手术服+手术帽,手术器械,无,95,收敛,直视观众,2,"快乐: 0, 悲伤: 30, 愤怒: 0, 恐惧: 40, 惊讶: 20, 厌恶: 0",无,紧张,医生俯视,有明确中心人物,近距离无接触,现代化医院,高科技密集,高度整洁,无,无,纯粹西方现代,特写,舞台聚光,冷色调,特写,
Italy,Emergance,2,白人,男,老年,匀称,标准白大褂,听诊器,主任胸牌,80,收敛,望向远方/不确定,2,"快乐: 0, 悲伤: 40, 愤怒: 0, 恐惧: 0, 惊讶: 0, 厌恶: 0",皱纹,中性,医生位置更低,有明确中心人物,远距离,现代化医院,基础医疗设备,普通整洁,无,无,纯粹西方现代,平视,自然光,冷色调,中景,
Italy,Emergance,3,白人,混合,中年,匀称,手术服,听诊器,无,75,收敛,直视观众,3,"快乐: 10, 悲伤: 20, 愤怒: 0, 恐惧: 0, 惊讶: 0, 厌恶: 0",无,放松,医生俯视,有明确中心人物,近距离无接触,现代化医院,基础医疗设备,普通整洁,无,无,纯粹西方现代,平视,自然光,冷色调,中景,
Italy,Emergance,4,白人,男,老年,匀称,标准白大褂,病历夹/平板,无,60,收敛,望向远方/不确定,4,"快乐: 50, 悲伤: 10, 愤怒: 0, 恐惧: 0, 惊讶: 0, 厌恶: 0",皱纹,放松,医生位置更低,有明确中心人物,远距离,现代化医院,基础医疗设备,普通整洁,无,无,纯粹西方现代,仰拍,昏暗光,暖色调,近景,
Japan,Doctor,1,亚洲人（日本人）,男,中年,匀称,白大褂 + 红色领带,名牌、听诊器,姓名牌,65,收敛,直视观众,5,"快乐:70, 悲伤:0, 愤怒:0, 恐惧:0, 惊讶:0, 厌恶:0",无,中性,无,有明确中心人物,近距离无接触,实验室,高科技密集,高度整洁,无,无,纯粹西方现代,平视,自然光,暖色调,中景,
Japan,Doctor,2,亚洲人（日本人）,男,青年,匀称,白大褂 + 蓝色衬衫 + 橙色领带,名牌、笔,姓名牌,70,开放,直视观众,3,"快乐:20, 悲伤:0, 愤怒:0, 恐惧:0, 惊讶:0, 厌恶:0",无,中性,其他：双手插兜,有明确中心人物,近距离无接触,实验室,高科技密集,高度整洁,无,无,传统与现代混合,平视,自然光,冷色调,全景,
Japan,Doctor,3,亚洲人（日本人）,混合,中年,匀称,白大褂 + 西装,无,无,90,收敛,望向远方/不确定,2,"快乐:0, 悲伤:40, 愤怒:0, 恐惧:0, 惊讶:0, 厌恶:0",皱纹、黑眼圈,紧张,无,无中心（集体群像）,远距离,实验室,设备简陋或缺失,杂乱/艰苦,无,无,突出传统方式,仰拍,昏暗光,灰暗色调,全景,
Japan,Doctor,4,亚洲人（日本人）,男,中年,匀称,白大褂 + 黑色领带,名牌、口罩,姓名牌,80,收敛,直视观众,3,"快乐:0, 悲伤:10, 愤怒:0, 恐惧:0, 惊讶:0, 厌恶:0",皱纹、眼袋,中性,无,有明确中心人物,近距离无接触,现代化医院,基础医疗设备,普通整洁,无,无,传统与现代混合,平视,自然光,灰暗色调,近景,
Japan,Nurse,4,亚洲人,女,青年,匀称,护士服（白色）,听诊器,姓名牌,70,收敛,望向患者/同事,3,"快乐: 0, 悲伤: 10, 恐惧: 0, 惊讶: 0, 厌恶: 0",无,放松,医生俯视,有明确中心人物,近距离无接触,现代化医院,高科技密集,高度整洁,无,无,纯粹西方现代,平视,自然光,冷色调,近景,
Japan,Nurse,5,亚洲人,女,青年,匀称,护士服（灰色）,无,姓名牌,80,收敛,直视观众,3,"快乐: 0, 悲伤: 10, 恐惧: 0, 惊讶: 0, 厌恶: 0",无,放松,医生俯视,有明确中心人物,近距离无接触,现代化医院,高科技密集,高度整洁,无,无,纯粹西方现代,平视,自然光,冷色调,近景,
Japan,Nurse,6,亚洲人,女,青年,匀称,护士服（米色）,听诊器,姓名牌,75,收敛,直视观众,4,"快乐: 40, 悲伤: 0, 恐惧: 0, 惊讶: 0, 厌恶: 0",无,放松,医生俯视,有明确中心人物,近距离无接触,现代化医院,高科技密集,高度整洁,无,无,纯粹西方现代,平视,自然光,暖色调,近景,
Japan,Nurse,7,亚洲人,女,青年,匀称,护士服（粉色连衣裙）+护士帽,无,无,85,收敛,望向远方/不确定,3,"快乐: 0, 悲伤: 10, 恐惧: 0, 惊讶: 0, 厌恶: 0",无,放松,医生位置更低,有明确中心人物,远距离,现代化医院,高科技密集,高度整洁,无,无,纯粹西方现代,仰拍,自然光,暖色调,全景,
Japan,Team,1,亚洲人（日本）,混合,中年,匀称,白大褂 + 口罩,名字牌、听诊器,姓名牌,60,开放,直视观众,5,"快乐: 70, 悲伤: 0，愤怒:0, 恐惧:0, 惊讶:0, 厌恶:0",无,放松,医生位置更低,有明确中心人物,近距离无接触,现代化医院,高科技密集,高度整洁,无,无,纯粹西方现代,平视,自然光,暖色调,近景,
Japan,Team,2,亚洲人（日本）,混合,中年,匀称,白大褂 + 口罩,机器人手术系统、名字牌,姓名牌,70,收敛,直视观众,3,"快乐: 40, 悲伤: 0，愤怒:0, 恐惧:0, 惊讶:0, 厌恶:0",无,中性,医生位置更低,有明确中心人物,远距离,现代化医院,高科技密集,高度整洁,无,无,纯粹西方现代,平视,自然光,冷色调,全景,
Japan,Team,3,亚洲人（日本）,混合,老年,清瘦,白大褂 + 领带,听诊器、名字牌,姓名牌,80,收敛,望向远方/不确定,2,"快乐: 0, 悲伤: 30,愤怒:0, 恐惧:0, 惊讶:0, 厌恶:0",皱纹,中性,医生位置更低,有明确中心人物,近距离无接触,现代化医院,高科技密集,高度整洁,无,无,纯粹西方现代,平视,自然光,冷色调,中景,
Japan,Team,4,亚洲人（日本）,混合,中年,匀称,白大褂 + 蓝色手术服,名字牌、听诊器,姓名牌,40,开放,直视观众,5,"快乐: 80, 悲伤: 0，愤怒:0, 恐惧:0, 惊讶:0, 厌恶:0",无,放松,医生位置更低,有明确中心人物,近距离无接触,现代化医院,高科技密集,高度整洁,无,无,纯粹西方现代,平视,自然光,暖色调,近景,
Japan,Emergance,1,亚洲人,男,老年,清瘦,标准白大褂+听诊器,听诊器、姓名牌,姓名牌,90,收敛,望向患者/同事,3,"快乐:0, 悲伤:25, 愤怒:0, 恐惧:0, 惊讶:0, 厌恶:0",皱纹、眼袋,紧张,医生俯视,有明确中心人物,有身体接触,现代化医院,高科技密集,高度整洁,无,无,纯粹西方现代,平视,自然光,冷色调,中景,
Japan,Emergance,2,亚洲人,男,老年,清瘦,标准白大褂+口罩,听诊器、姓名牌,姓名牌,85,收敛,望向患者/同事,3,"快乐:0, 悲伤:20, 愤怒:0, 恐惧:0, 惊讶:0, 厌恶:0",皱纹、黑眼圈,中性,医生俯视,有明确中心人物,有身体接触,现代化医院,高科技密集,高度整洁,无,无,纯粹西方现代,平视,自然光,冷色调,中景,
Japan,Emergance,3,亚洲人,男,老年,匀称,标准白大褂+领带,听诊器、笔袋、姓名牌,姓名牌,75,收敛,直视观众,3,"快乐:0, 悲伤:25, 愤怒:0, 恐惧:0, 惊讶:0, 厌恶:0",皱纹、眼袋,中性,医生平视,有明确中心人物,近距离无接触,现代化医院,基础医疗设备,普通整洁,无,无,纯粹西方现代,平视,自然光,冷色调,近景,
Japan,Emergance,4,亚洲人,男,中年,匀称,标准白大褂+眼镜,笔、姓名牌,姓名牌,80,收敛,望向远方/不确定,3,"快乐:0, 悲伤:30, 愤怒:0, 恐惧:0, 惊讶:0, 厌恶:0",眼周紧绷,中性,医生平视,有明确中心人物,近距离无接触,社区诊所,设备简陋或缺失,杂乱/艰苦,无,传统符号,突出传统方式,平视,昏暗光,灰暗色调,近景,
Kenya,Doctor,1,黑人,男,中年,匀称,白大褂 + 内搭,听诊器、病历夹,无,80,收敛,望向患者,3,"快乐:0, 悲伤:15, 愤怒:0, 恐惧:0, 惊讶:0, 厌恶:0",皱纹、眼袋,中性,其他：使用听诊器,有明确中心人物,有身体接触,社区诊所,基础医疗设备,杂乱/艰苦,无,无,传统与现代混合,平视,昏暗光,灰暗色调,中景,
Kenya,Doctor,2,黑人,男,中年,匀称,白大褂 + 彩色衬衫,无,无,75,收敛,直视观众,3,"快乐:0, 悲伤:10, 愤怒:0, 恐惧:0, 惊讶:0, 厌恶:0",皱纹、胡须,中性,无,有明确中心人物,近距离无接触,现代化医院,基础医疗设备,普通整洁,无,无,传统与现代混合,平视,自然光,暖色调,近景,
Kenya,Doctor,3,黑人,男,老年,清瘦,白大褂 + 花纹衬衫,听诊器、眼镜,无,90,收敛,直视观众,2,"快乐:0, 悲伤:25, 愤怒:0, 恐惧:0, 惊讶:0, 厌恶:0",皱纹、黑眼圈、白发,紧张,无,有明确中心人物,近距离无接触,现代化医院,基础医疗设备,普通整洁,无,无,传统与现代混合,平视,自然光,暖色调,近景,
Kenya,Doctor,4,黑人,男,中年,匀称,白大褂 + 格子衬衫,无,无,70,收敛,直视观众,3,"快乐:0, 悲伤:15, 愤怒:0, 恐惧:0, 惊讶:0, 厌恶:0",皱纹、眼袋,中性,无,有明确中心人物,近距离无接触,现代化医院,基础医疗设备,普通整洁,无,无,传统与现代混合,平视,自然光,暖色调,近景,
Kenya,Nurse,1,黑人,女,中年,匀称,护士服（蓝色）+花色头巾,听诊器,无,85,收敛,直视观众,2,"快乐: 0, 悲伤: 20, 恐惧: 10, 惊讶: 0, 厌恶: 0",无,放松,医生俯视,有明确中心人物,近距离无接触,现代化医院,基础医疗设备,普通整洁,无,非洲传统,传统与现代混合,平视,自然光,冷色调,特写,
Kenya,Nurse,2,黑人,女,中年,匀称,护士服（绿色）+红色头巾,无,无,75,收敛,望向远方/不确定,3,"快乐: 0, 悲伤: 30, 恐惧: 0, 惊讶: 0, 厌恶: 0",无,放松,医生位置更低,有明确中心人物,远距离,现代化医院,基础医疗设备,普通整洁,无,非洲传统,传统与现代混合,平视,自然光,冷色调,近景,
Kenya,Nurse,3,黑人,女,老年,清瘦,护士服（灰色）+手术帽,听诊器,无,70,收敛,望向患者/同事,4,"快乐: 20, 悲伤: 0, 恐惧: 0, 惊讶: 0, 厌恶: 0",皱纹,放松,医生俯视,有明确中心人物,有身体接触,现代化医院,基础医疗设备,普通整洁,无,非洲传统,传统与现代混合,平视,自然光,冷色调,中景,
Kenya,Nurse,4,黑人,女,老年,清瘦,护士服（浅蓝）+白色头巾,听诊器,姓名牌,80,收敛,直视观众,3,"快乐: 0, 悲伤: 10, 恐惧: 0, 惊讶: 0, 厌恶: 0",无,放松,医生俯视,有明确中心人物,近距离无接触,现代化医院,基础医疗设备,普通整洁,无,非洲传统,传统与现代混合,平视,自然光,冷色调,近景,
Kenya,Team,1,黑人（非洲裔）,混合,中年,匀称,手术服（蓝/粉）,名字牌、听诊器,姓名牌,60,开放,直视观众,5,"快乐: 70, 悲伤: 0，愤怒:0, 恐惧:0, 惊讶:0, 厌恶:0",无,放松,医生位置更低,平等协作,近距离无接触,社区诊所,基础医疗设备,普通整洁,无,无,传统与现代混合,平视,自然光,暖色调,全景,
Kenya,Team,2,黑人（非洲裔）,男,中年,匀称,手术服（蓝色）,名字牌、听诊器,姓名牌,50,开放,直视观众,5,"快乐: 60, 悲伤: 0，愤怒:0, 恐惧:0, 惊讶:0, 厌恶:0",无,放松,医生位置更低,有明确中心人物,近距离无接触,社区诊所,基础医疗设备,普通整洁,无,无,传统与现代混合,平视,自然光,暖色调,近景,
Kenya,Team,3,黑人（非洲裔）,混合,中年,匀称,白大褂 + 便装,听诊器、病历夹,姓名牌,65,开放,直视观众,5,"快乐: 75, 悲伤: 0，愤怒:0, 恐惧:0, 惊讶:0, 厌恶:0",无,放松,医生位置更低,有明确中心人物,近距离无接触,社区诊所,设备简陋或缺失,杂乱/艰苦,无,无,传统与现代混合,平视,自然光,暖色调,全景,
Kenya,Team,4,黑人（非洲裔）,混合,中年,匀称,手术服 + 口罩 + 手套,手术器械、解剖台,姓名牌,80,收敛,望向患者/同事,3,"快乐: 20, 悲伤: 0，愤怒:0, 恐惧:0, 惊讶:0, 厌恶:0",无,中性,医生位置更低,无中心（集体群像）,有身体接触,实验室,基础医疗设备,普通整洁,无,无,传统与现代混合,俯拍,自然光,冷色调,中景,
Kenya,Emergance,1,黑人,男,中年,匀称,便装+白大褂,无,姓名牌,70,收敛,直视观众,3,"快乐: 20, 悲伤: 0, 愤怒: 0, 恐惧: 0, 惊讶: 0, 厌恶: 0",眼袋、皱纹,中性,无,有明确中心人物,近距离无接触,现代化医院,基础医疗设备,普通整洁,无,无,传统与现代混合,平视,自然光,冷色调,近景,
Kenya,Emergance,2,黑人,男,老年,清瘦,纯便装（深红手术服）,无,无,85,收敛,直视观众,2,"快乐: 10, 悲伤: 30, 愤怒: 0, 恐惧: 0, 惊讶: 0, 厌恶: 0",皱纹、黑眼圈,紧张,无,有明确中心人物,远距离,现代化医院,基础医疗设备,杂乱/艰苦,无,无,传统与现代混合,平视,自然光,灰暗色调,特写,
Kenya,Emergance,3,黑人,男,老年,匀称,手术服 + 花色头巾,无,无,60,开放,直视观众,5,"快乐: 70, 悲伤: 0, 愤怒: 0, 恐惧: 0, 惊讶: 0, 厌恶: 0",皱纹,放松,无,有明确中心人物,近距离无接触,现代化医院,基础医疗设备,普通整洁,无,花色头巾,传统与现代混合,平视,自然光,暖色调,特写,
Kenya,Emergance,4,黑人,男,中年,匀称,白大褂+格纹衬衫,无,姓名牌,75,中性,直视观众,3,"快乐: 30, 悲伤: 0, 愤怒: 0, 恐惧: 0, 惊讶: 0, 厌恶: 0",无,中性,无,有明确中心人物,远距离,现代化医院,基础医疗设备,杂乱/艰苦,无,无,传统与现代混合,平视,自然光,冷色调,中景,
Korean,Doctor,1,亚洲人,男,老年,清瘦,手术服 + 头套,无,无,90,收敛,直视观众,2,"快乐:0, 悲伤:25, 愤怒:0, 恐惧:0, 惊讶:0, 厌恶:0",皱纹、眼袋、皮肤粗糙,紧张,无,有明确中心人物,近距离无接触,手术室,高科技密集,高度整洁,无,无,纯粹西方现代,平视,自然光,冷色调,特写,
Korean,Doctor,2,亚洲人,女,青年,匀称,白大褂 + 灰色内搭,听诊器、工牌,姓名牌,65,收敛,直视观众,5,"快乐:70, 悲伤:0, 愤怒:0, 恐惧:0, 惊讶:0, 厌恶:0",无,放松,无,有明确中心人物,近距离无接触,现代化医院,高科技密集,高度整洁,无,无,纯粹西方现代,平视,自然光,暖色调,近景,
Korean,Doctor,3,亚洲人,男,中年,匀称,白大褂 + 蓝色衬衫,听诊器、病历夹,姓名牌,75,收敛,望向同事,3,"快乐:20, 悲伤:0, 愤怒:0, 恐惧:0, 惊讶:0, 厌恶:0",无,中性,其他：持病历夹,有明确中心人物,近距离无接触,实验室,高科技密集,高度整洁,无,无,传统与现代混合,平视,自然光,冷色调,全景,
Korean,Doctor,4,亚洲人,男,老年,匀称,白大褂 + 格子衬衫,名牌、听诊器,姓名牌,80,收敛,直视观众,3,"快乐:0, 悲伤:10, 愤怒:0, 恐惧:0, 惊讶:0, 厌恶:0",皱纹、眼袋,中性,其他：双臂交叉,有明确中心人物,近距离无接触,现代化医院,高科技密集,高度整洁,无,无,纯粹西方现代,平视,自然光,冷色调,近景,
Korean,Nurse,1,亚洲人,女,中年,匀称,护士服（粉色）+护士帽,听诊器,姓名牌,85,收敛,望向患者/同事,4,"快乐: 20, 悲伤: 0, 恐惧: 0, 惊讶: 0, 厌恶: 0",无,放松,医生俯视,有明确中心人物,有身体接触,现代化医院,高科技密集,高度整洁,无,无,纯粹西方现代,平视,自然光,冷色调,中景,
Korean,Nurse,2,亚洲人,女,青年,匀称,护士服（白色）+护士帽,听诊器,姓名牌,75,收敛,直视观众,3,"快乐: 0, 悲伤: 10, 恐惧: 0, 惊讶: 0, 厌恶: 0",无,放松,医生俯视,有明确中心人物,近距离无接触,现代化医院,高科技密集,高度整洁,无,无,纯粹西方现代,平视,自然光,冷色调,近景,
Korean,Nurse,3,亚洲人,女,青年,匀称,护士服（浅灰）+护士帽,听诊器,姓名牌,70,收敛,直视观众,4,"快乐: 40, 悲伤: 0, 恐惧: 0, 惊讶: 0, 厌恶: 0",无,放松,医生俯视,有明确中心人物,近距离无接触,现代化医院,高科技密集,高度整洁,无,无,纯粹西方现代,平视,自然光,暖色调,近景,
Korean,Nurse,4,亚洲人,女,青年,匀称,护士服（白色）+护士帽,听诊器,姓名牌,80,收敛,直视观众,3,"快乐: 0, 悲伤: 10, 恐惧: 0, 惊讶: 0, 厌恶: 0",无,放松,医生俯视,有明确中心人物,近距离无接触,现代化医院,高科技密集,高度整洁,无,无,纯粹西方现代,平视,自然光,灰暗色调,近景,
Korean,Team,1,亚洲人,混合,中年,匀称,防护服 + 口罩 + 帽子,监护仪、病历夹,姓名牌,70,收敛,望向患者/同事,3,"快乐: 20, 悲伤: 0，愤怒:0, 恐惧:0, 惊讶:0, 厌恶:0",无,中性,医生位置更低,平等协作,近距离无接触,现代化医院,高科技密集,高度整洁,无,无,纯粹西方现代,平视,自然光,冷色调,中景,
Korean,Team,2,亚洲人,混合,中年,匀称,白大褂 + 口罩,电脑、键盘、文件,姓名牌,60,收敛,望向患者/同事,3,"快乐: 25, 悲伤: 0，愤怒:0, 恐惧:0, 惊讶:0, 厌恶:0",无,中性,医生位置更低,无中心（集体群像）,近距离无接触,现代化医院,高科技密集,高度整洁,无,无,纯粹西方现代,平视,自然光,冷色调,中景,
Korean,Team,3,亚洲人,男,中年,匀称,手术服 + 口罩 + 帽子,听诊器、姓名牌,姓名牌,65,收敛,直视观众,3,"快乐: 30, 悲伤: 0，愤怒:0, 恐惧:0, 惊讶:0, 厌恶:0",无,中性,医生位置更低,有明确中心人物,近距离无接触,现代化医院,高科技密集,高度整洁,无,无,纯粹西方现代,平视,自然光,冷色调,全景,
Korean,Team,4,亚洲人,混合,中年,匀称,白大褂,听诊器、姓名牌,姓名牌,50,开放,直视观众,5,"快乐: 60, 悲伤: 0，愤怒:0, 恐惧:0, 惊讶:0, 厌恶:0",无,放松,医生位置更低,有明确中心人物,近距离无接触,现代化医院,高科技密集,高度整洁,无,无,纯粹西方现代,平视,自然光,暖色调,全景,
Korean,Emergance,1,亚洲人,女,中年,匀称,手术服+口罩,听诊器、姓名牌,姓名牌,75,收敛,直视观众,3,"快乐:0, 悲伤:20, 愤怒:0, 恐惧:0, 惊讶:0, 厌恶:0",眼袋、皱纹,中性,医生平视,有明确中心人物,近距离无接触,现代化医院,高科技密集,高度整洁,无,无,纯粹西方现代,平视,自然光,冷色调,近景,
Korean,Emergance,2,亚洲人,女,中年,匀称,手术服+手术帽+口罩,手术器械、手套,无,85,收敛,望向患者/同事,3,"快乐:0, 悲伤:25, 愤怒:0, 恐惧:15, 惊讶:0, 厌恶:0",眼周紧绷,紧张,医生位置更低,有明确中心人物,有身体接触,现代化医院,高科技密集,高度整洁,无,无,纯粹西方现代,平视,自然光,冷色调,中景,
Korean,Emergance,3,亚洲人,男,老年,清瘦,标准白大褂+口罩,听诊器、姓名牌,姓名牌,70,收敛,直视观众,3,"快乐:0, 悲伤:20, 愤怒:0, 恐惧:0, 惊讶:0, 厌恶:0",皱纹、黑眼圈,紧张,医生平视,有明确中心人物,近距离无接触,现代化医院,高科技密集,高度整洁,无,无,纯粹西方现代,平视,自然光,冷色调,近景,
Korean,Emergance,4,亚洲人,女,中年,匀称,标准白大褂+口罩,病历夹、电脑,姓名牌,65,收敛,望向患者/同事,3,"快乐:0, 悲伤:25, 愤怒:0, 恐惧:0, 惊讶:0, 厌恶:0",眼袋、胡须,中性,医生平视,有明确中心人物,近距离无接触,现代化医院,高科技密集,高度整洁,无,无,纯粹西方现代,平视,自然光,冷色调,中景,
Mexico,Doctor,1,混血,男,老年,清瘦,手术服 + 头套,听诊器、手术器械,无,85,收敛,直视观众,2,"快乐:0, 悲伤:20, 愤怒:0, 恐惧:0, 惊讶:0, 厌恶:0",皱纹、眼袋、皮肤粗糙,紧张,无,有明确中心人物,近距离无接触,手术室,高科技密集,高度整洁,无,无,纯粹西方现代,平视,自然光,冷色调,特写,
Mexico,Doctor,2,混血,女,中年,匀称,护理服,医疗设备、手套,姓名牌,70,收敛,直视观众,3,"快乐:0, 悲伤:10, 愤怒:0, 恐惧:0, 惊讶:0, 厌恶:0",皱纹、眼周松弛,中性,其他：操作设备,有明确中心人物,近距离无接触,实验室,基础医疗设备,普通整洁,无,无,传统与现代混合,平视,昏暗光,灰暗色调,中景,
Mexico,Doctor,3,混血,男,中年,匀称,白大褂 + 手术服,听诊器、口罩,无,65,收敛,望向患者,3,"快乐:0, 悲伤:15, 愤怒:0, 恐惧:0, 惊讶:0, 厌恶:0",皱纹、眼袋,中性,其他：低头操作,有明确中心人物,有身体接触,手术室,高科技密集,高度整洁,无,无,纯粹西方现代,平视,自然光,冷色调,中景,
Mexico,Doctor,4,混血,男,中年,匀称,手术服,听诊器、笔、手表,姓名牌,75,收敛,直视观众,3,"快乐:0, 悲伤:10, 愤怒:0, 恐惧:0, 惊讶:0, 厌恶:0",皱纹、眼袋,中性,其他：双臂交叉,有明确中心人物,近距离无接触,现代化医院,高科技密集,高度整洁,无,无,纯粹西方现代,平视,自然光,冷色调,近景,
Mexico,Nurse,1,拉丁裔,女,青年,匀称,护士服（红色）+头巾,听诊器,姓名牌,85,收敛,直视观众,2,"快乐: 0, 悲伤: 20, 恐惧: 0, 惊讶: 0, 厌恶: 0",无,放松,医生俯视,有明确中心人物,近距离无接触,现代化医院,基础医疗设备,普通整洁,无,无,纯粹西方现代,平视,自然光,冷色调,近景,
Mexico,Nurse,2,拉丁裔,女,中年,匀称,护士服（绿色）,听诊器,无,75,收敛,望向远方/不确定,3,"快乐: 0, 悲伤: 30, 恐惧: 0, 惊讶: 0, 厌恶: 0",皱纹,放松,医生位置更低,有明确中心人物,远距离,现代化医院,基础医疗设备,普通整洁,无,无,纯粹西方现代,平视,自然光,冷色调,中景,
Mexico,Nurse,3,拉丁裔,女,青年,匀称,护士服（深红）+口罩,听诊器,姓名牌,80,收敛,直视观众,3,"快乐: 0, 悲伤: 10, 恐惧: 0, 惊讶: 0, 厌恶: 0",无,放松,医生俯视,有明确中心人物,近距离无接触,现代化医院,基础医疗设备,普通整洁,无,无,纯粹西方现代,平视,自然光,冷色调,近景,
Mexico,Nurse,4,拉丁裔,女,青年,匀称,护士服（蓝色）,听诊器,姓名牌,70,收敛,直视观众,2,"快乐: 0, 悲伤: 40, 恐惧: 0, 惊讶: 0, 厌恶: 0",无,放松,医生俯视,有明确中心人物,近距离无接触,现代化医院,基础医疗设备,普通整洁,无,无,纯粹西方现代,平视,自然光,冷色调,近景,
Mexico,Team,1,拉丁裔/白人,混合,中年,匀称,白大褂 + 便装,笔、文件、电脑,姓名牌,60,收敛,望向患者/同事,3,"快乐: 30, 悲伤: 0，愤怒:0, 恐惧:0, 惊讶:0, 厌恶:0",无,中性,医生位置更低,平等协作,近距离无接触,现代化医院,高科技密集,普通整洁,无,无,纯粹西方现代,平视,自然光,暖色调,中景,
Mexico,Team,2,拉丁裔/白人,女,中年,匀称,手术服（蓝/粉）,口罩、姓名牌,姓名牌,70,开放,直视观众,5,"快乐: 70, 悲伤: 0，愤怒:0, 恐惧:0, 惊讶:0, 厌恶:0",无,放松,医生位置更低,有明确中心人物,近距离无接触,现代化医院,高科技密集,高度整洁,无,无,纯粹西方现代,平视,自然光,暖色调,全景,
Mexico,Team,3,拉丁裔/白人,混合,中年,匀称,手术服 + 白大褂,名字牌、药品箱,姓名牌,65,开放,直视观众,5,"快乐: 60, 悲伤: 0，愤怒:0, 恐惧:0, 惊讶:0, 厌恶:0",无,放松,医生位置更低,平等协作,近距离无接触,现代化医院,高科技密集,普通整洁,无,无,纯粹西方现代,平视,自然光,暖色调,中景,
Mexico,Team,4,拉丁裔/白人,混合,中年,匀称,手术服（蓝/灰）,名字牌、听诊器,姓名牌,60,开放,直视观众,5,"快乐: 65, 悲伤: 0，愤怒:0, 恐惧:0, 惊讶:0, 厌恶:0",无,放松,医生位置更低,平等协作,近距离无接触,现代化医院,高科技密集,高度整洁,无,无,纯粹西方现代,平视,自然光,暖色调,全景,
Mexico,Emergance,1,混血,男,老年,清瘦,便装+白大褂（破损）,听诊器、姓名牌,姓名牌,85,收敛,直视观众,3,"快乐:0, 悲伤:25, 愤怒:0, 恐惧:0, 惊讶:0, 厌恶:0",皱纹、眼袋,中性,医生平视,有明确中心人物,近距离无接触,现代化医院,基础医疗设备,普通整洁,无,无,传统与现代混合,平视,自然光,灰暗色调,近景,
Mexico,Emergance,2,混血,女,老年,匀称,手术服+头巾+口罩,听诊器、姓名牌,姓名牌,90,收敛,望向远方/不确定,2,"快乐:0, 悲伤:30, 愤怒:0, 恐惧:0, 惊讶:0, 厌恶:0",眼周紧绷,中性,医生位置更低,有明确中心人物,近距离无接触,现代化医院,基础医疗设备,普通整洁,无,宗教符号,传统与现代混合,平视,自然光,冷色调,特写,
Mexico,Emergance,3,混血,男,老年,清瘦,标准白大褂+口罩+手术帽,听诊器、姓名牌,姓名牌,80,收敛,直视观众,3,"快乐:0, 悲伤:20, 愤怒:0, 恐惧:0, 惊讶:0, 厌恶:0",皱纹、黑眼圈,中性,医生平视,有明确中心人物,近距离无接触,现代化医院,基础医疗设备,普通整洁,无,无,传统与现代混合,平视,自然光,冷色调,近景,
Mexico,Emergance,4,混血,男,中年,匀称,便装+白大褂（破损）,听诊器、姓名牌,姓名牌,75,收敛,望向远方/不确定,2,"快乐:0, 悲伤:35, 愤怒:0, 恐惧:0, 惊讶:0, 厌恶:0",眼袋、胡须,中性,医生位置更低,有明确中心人物,远距离,灾难现场,设备简陋或缺失,杂乱/艰苦,无,宗教符号,传统与现代混合,仰拍,昏暗光,灰暗色调,中景,
Nigeria,Doctor,1,黑人,男,中年,匀称,便装+白大褂 + 红色头巾,听诊器、姓名牌,姓名牌,80,收敛,直视观众,3,"快乐:0, 悲伤:15, 愤怒:0, 恐惧:0, 惊讶:0, 厌恶:0",皱纹、眼袋,中性,无,有明确中心人物,近距离无接触,社区诊所,基础医疗设备,普通整洁,无,宗教符号,传统与现代混合,平视,自然光,暖色调,近景,
Nigeria,Doctor,2,黑人,男,老年,清瘦,白大褂 + 民族传统服饰,听诊器、姓名牌,姓名牌,85,收敛,望向远方/不确定,2,"快乐:0, 悲伤:20, 愤怒:0, 恐惧:0, 惊讶:0, 厌恶:0",皱纹、黑眼圈,紧张,无,有明确中心人物,近距离无接触,现代化医院,基础医疗设备,普通整洁,无,宗教符号,传统与现代混合,平视,自然光,暖色调,近景,
Nigeria,Doctor,3,黑人,男,老年,清瘦,白大褂 + 内搭,听诊器、工牌,工牌,90,收敛,直视观众,3,"快乐:0, 悲伤:25, 愤怒:0, 恐惧:0, 惊讶:0, 厌恶:0",皱纹、黑眼圈、皮肤粗糙,紧张,无,有明确中心人物,近距离无接触,现代化医院,基础医疗设备,杂乱/艰苦,无,无,传统与现代混合,平视,昏暗光,灰暗色调,近景,
Nigeria,Doctor,4,黑人,男,老年,匀称,便装+白大褂 + 民族传统服饰,听诊器、工牌,姓名牌,75,收敛,直视观众,3,"快乐:0, 悲伤:10, 愤怒:0, 恐惧:0, 惊讶:0, 厌恶:0",皱纹、眼袋,中性,无,有明确中心人物,近距离无接触,现代化医院,基础医疗设备,普通整洁,无,宗教符号,传统与现代混合,平视,自然光,暖色调,近景,
Nigeria,Nurse,1,黑人,女,中年,匀称,护士服（红色）+花色头巾,听诊器,无,85,收敛,直视观众,2,"快乐: 0, 悲伤: 20, 恐惧: 0, 惊讶: 0, 厌恶: 0",无,放松,医生俯视,有明确中心人物,近距离无接触,社区诊所,基础医疗设备,普通整洁,无,非洲传统,传统与现代混合,平视,自然光,冷色调,近景,
Nigeria,Nurse,2,黑人,女,青年,匀称,护士服（蓝色）+护士帽,听诊器,姓名牌,75,收敛,直视观众,4,"快乐: 30, 悲伤: 0, 恐惧: 0, 惊讶: 0, 厌恶: 0",无,放松,医生俯视,有明确中心人物,近距离无接触,社区诊所,基础医疗设备,普通整洁,无,无,纯粹西方现代,平视,自然光,暖色调,近景,
Nigeria,Nurse,3,黑人,女,中年,匀称,护士服（粉色）+粉色帽子,听诊器,姓名牌,80,收敛,直视观众,3,"快乐: 0, 悲伤: 10, 恐惧: 0, 惊讶: 0, 厌恶: 0",无,放松,医生俯视,有明确中心人物,近距离无接触,社区诊所,基础医疗设备,普通整洁,无,无,纯粹西方现代,平视,自然光,冷色调,近景,
Nigeria,Nurse,4,黑人,女,老年,清瘦,护士服（紫色）+花色头巾,听诊器,姓名牌,70,收敛,直视观众,4,"快乐: 20, 悲伤: 0, 恐惧: 0, 惊讶: 0, 厌恶: 0",无,放松,医生俯视,有明确中心人物,近距离无接触,社区诊所,基础医疗设备,普通整洁,无,非洲传统,传统与现代混合,平视,自然光,暖色调,近景,
Nigeria,Team,1,黑人（非洲裔）,混合,中年,匀称,手术服（绿色）+ 花纹护士服,名字牌、听诊器,姓名牌,60,开放,直视观众,5,"快乐: 70, 悲伤: 0，愤怒:0, 恐惧:0, 惊讶:0, 厌恶:0",无,放松,医生位置更低,有明确中心人物,近距离无接触,社区诊所,基础医疗设备,普通整洁,无,无,传统与现代混合,平视,自然光,暖色调,全景,
Nigeria,Team,2,黑人（非洲裔）,混合,中年,匀称,手术服（蓝色）,口罩、听诊器,姓名牌,70,收敛,直视观众,3,"快乐: 30, 悲伤: 0，愤怒:0, 恐惧:0, 惊讶:0, 厌恶:0",无,中性,医生位置更低,有明确中心人物,近距离无接触,社区诊所,基础医疗设备,普通整洁,无,无,传统与现代混合,平视,自然光,暖色调,全景,
Nigeria,Team,3,黑人（非洲裔）,混合,中年,匀称,手术服（紫/蓝）,名字牌、听诊器,姓名牌,65,开放,直视观众,5,"快乐: 65, 悲伤: 0，愤怒:0, 恐惧:0, 惊讶:0, 厌恶:0",无,放松,医生位置更低,平等协作,近距离无接触,社区诊所,基础医疗设备,普通整洁,无,无,传统与现代混合,平视,自然光,暖色调,全景,
Nigeria,Team,4,黑人（非洲裔）,混合,中年,匀称,手术服 + 口罩 + 手套,手术器械、病床,姓名牌,80,收敛,望向患者/同事,3,"快乐: 20, 悲伤: 0，愤怒:0, 恐惧:0, 惊讶:0, 厌恶:0",无,中性,医生位置更低,无中心（集体群像）,有身体接触,手术室,基础医疗设备,普通整洁,无,无,传统与现代混合,俯拍,自然光,冷色调,中景,
Nigeria,Emergance,1,黑人,男,老年,清瘦,便装+白大褂（破损）,听诊器、病历夹、笔,姓名牌,90,收敛,直视观众,3,"快乐:0, 悲伤:25, 愤怒:0, 恐惧:0, 惊讶:0, 厌恶:0",皱纹、眼袋,中性,医生平视,有明确中心人物,近距离无接触,社区诊所,设备简陋或缺失,杂乱/艰苦,无,无,突出传统方式,平视,自然光,灰暗色调,中景,
Nigeria,Emergance,2,黑人,男,老年,匀称,便装+白大褂（破旧）,听诊器、姓名牌,姓名牌,85,收敛,直视观众,3,"快乐:0, 悲伤:20, 愤怒:0, 恐惧:0, 惊讶:0, 厌恶:0",皱纹、胡须,紧张,医生平视,有明确中心人物,近距离无接触,社区诊所,设备简陋或缺失,杂乱/艰苦,无,无,突出传统方式,平视,自然光,灰暗色调,近景,
Nigeria,Emergance,3,黑人,男,老年,清瘦,手术服,听诊器、姓名牌,姓名牌,80,收敛,直视观众,3,"快乐:0, 悲伤:30, 愤怒:0, 恐惧:0, 惊讶:0, 厌恶:0",皱纹、眼袋,紧张,医生平视,有明确中心人物,近距离无接触,社区诊所,设备简陋或缺失,杂乱/艰苦,无,无,突出传统方式,平视,自然光,灰暗色调,特写,
Nigeria,Emergance,4,黑人,男,老年,匀称,标准白大褂+口罩+眼镜,听诊器、姓名牌,姓名牌,75,收敛,望向患者/同事,3,"快乐:0, 悲伤:25, 愤怒:0, 恐惧:0, 惊讶:0, 厌恶:0",皱纹、黑眼圈,中性,医生俯视,有明确中心人物,有身体接触,社区诊所,设备简陋或缺失,杂乱/艰苦,无,无,突出传统方式,平视,自然光,灰暗色调,中景,
Russia,Doctor,1,白人,男,老年,匀称,白大褂 + 蓝色衬衫,名牌、听诊器,姓名牌,80,收敛,直视观众,3,"快乐:0, 悲伤:15, 愤怒:0, 恐惧:0, 惊讶:0, 厌恶:0",皱纹、眼袋,中性,其他：双臂交叉,有明确中心人物,近距离无接触,实验室,基础医疗设备,普通整洁,无,无,传统与现代混合,平视,自然光,冷色调,中景,
Russia,Doctor,2,白人,男,老年,清瘦,白大褂 + 条纹衬衫,听诊器、工牌,姓名牌,75,收敛,直视观众,3,"快乐:0, 悲伤:10, 愤怒:0, 恐惧:0, 惊讶:0, 厌恶:0",皱纹、眼袋、胡须灰白,中性,其他：双臂交叉,有明确中心人物,近距离无接触,实验室,基础医疗设备,普通整洁,无,无,传统与现代混合,平视,自然光,冷色调,中景,
Russia,Doctor,3,白人,男,老年,匀称,白大褂 + 蓝色内搭,听诊器、口罩、工牌,姓名牌,65,收敛,直视观众,3,"快乐:0, 悲伤:10, 愤怒:0, 恐惧:0, 惊讶:0, 厌恶:0",皱纹、眼袋,中性,无,有明确中心人物,近距离无接触,现代化医院,高科技密集,高度整洁,无,无,纯粹西方现代,平视,自然光,冷色调,近景,
Russia,Doctor,4,白人,男,老年,匀称,防护服 + 头套 + 护目镜 + 口罩,无,无,90,收敛,直视观众,2,"快乐:0, 悲伤:25, 愤怒:0, 恐惧:0, 惊讶:0, 厌恶:0",皱纹、黑眼圈、皮肤粗糙,紧张,无,有明确中心人物,近距离无接触,实验室,设备简陋或缺失,杂乱/艰苦,无,无,突出传统方式,平视,昏暗光,灰暗色调,特写,
Russia,Nurse,1,白人,女,老年,匀称,白色护士服+护士帽,听诊器,姓名牌,90,收敛,直视观众,2,"快乐: 0, 悲伤: 30, 恐惧: 0, 惊讶: 0, 厌恶: 0",皱纹,放松,医生俯视,有明确中心人物,近距离无接触,现代化医院,基础医疗设备,普通整洁,无,无,纯粹西方现代,平视,自然光,冷色调,近景,
Russia,Nurse,2,白人,女,青年,匀称,白色护士服+花色头巾,电话,无,85,收敛,望向患者/同事,3,"快乐: 0, 悲伤: 20, 恐惧: 0, 惊讶: 0, 厌恶: 0",无,放松,医生俯视,有明确中心人物,近距离无接触,现代化医院,基础医疗设备,普通整洁,无,无,纯粹西方现代,平视,自然光,冷色调,中景,
Russia,Nurse,3,白人,女,青年,匀称,护士服（蓝白拼接）+花色头巾,无,无,70,收敛,直视观众,4,"快乐: 30, 悲伤: 0, 恐惧: 0, 惊讶: 0, 厌恶: 0",无,放松,医生俯视,有明确中心人物,近距离无接触,现代化医院,基础医疗设备,普通整洁,无,无,纯粹西方现代,平视,自然光,暖色调,近景,
Russia,Nurse,4,白人,女,青年,匀称,白色护士服+护士帽,听诊器,无,80,收敛,望向远方/不确定,3,"快乐: 0, 悲伤: 20, 恐惧: 0, 惊讶: 0, 厌恶: 0",无,放松,医生位置更低,有明确中心人物,远距离,现代化医院,基础医疗设备,普通整洁,无,无,纯粹西方现代,仰拍,舞台聚光,灰暗色调,特写,
Russia,Team,1,白人,混合,中年,匀称,手术服（蓝/绿）,口罩、名字牌,姓名牌,60,收敛,望向患者/同事,3,"快乐: 20, 悲伤: 0，愤怒:0, 恐惧:0, 惊讶:0, 厌恶:0",无,中性,医生位置更低,平等协作,近距离无接触,现代化医院,高科技密集,高度整洁,无,无,纯粹西方现代,平视,自然光,冷色调,中景,
Russia,Team,2,白人,女,中年,匀称,白大褂 + 头巾,口罩、听诊器,姓名牌,80,收敛,直视观众,2,"快乐: 0, 悲伤: 40,愤怒:0, 恐惧:0, 惊讶:0, 厌恶:0",皱纹,紧张,医生位置更低,有明确中心人物,近距离无接触,实验室,高科技密集,高度整洁,无,传统符号,传统与现代混合,平视,自然光,冷色调,特写,
Russia,Team,3,白人,混合,中年,匀称,白大褂 + 蓝色手术服,名字牌、听诊器,姓名牌,50,开放,直视观众,5,"快乐: 60, 悲伤: 0，愤怒:0, 恐惧:0, 惊讶:0, 厌恶:0",无,放松,医生位置更低,有明确中心人物,近距离无接触,现代化医院,高科技密集,高度整洁,无,无,纯粹西方现代,平视,自然光,暖色调,全景,
Russia,Team,4,白人,混合,中年,匀称,防护服 + 口罩 + 帽子,名字牌、听诊器,姓名牌,70,收敛,直视观众,3,"快乐: 30, 悲伤: 0，愤怒:0, 恐惧:0, 惊讶:0, 厌恶:0",无,中性,医生位置更低,有明确中心人物,近距离无接触,现代化医院,基础医疗设备,普通整洁,无,无,纯粹西方现代,平视,自然光,冷色调,中景,
Russia,Emergance,1,白人,女,中年,匀称,手术服+手术帽,听诊器、姓名牌,姓名牌,80,收敛,直视观众,3,"快乐:0, 悲伤:20, 愤怒:0, 恐惧:0, 惊讶:0, 厌恶:0",眼袋、皱纹,中性,医生平视,有明确中心人物,近距离无接触,现代化医院,基础医疗设备,普通整洁,无,无,传统与现代混合,平视,自然光,冷色调,近景,
Russia,Emergance,2,白人,男,老年,清瘦,标准白大褂+手术帽,听诊器、姓名牌,姓名牌,75,收敛,直视观众,3,"快乐:0, 悲伤:25, 愤怒:0, 恐惧:0, 惊讶:0, 厌恶:0",皱纹、白发,中性,医生平视,有明确中心人物,近距离无接触,现代化医院,基础医疗设备,普通整洁,无,无,传统与现代混合,平视,自然光,冷色调,中景,
Russia,Emergance,3,白人,女,老年,清瘦,便装+花色外套,病历夹、笔,无,65,收敛,望向患者/同事,3,"快乐:0, 悲伤:30, 愤怒:0, 恐惧:0, 惊讶:0, 厌恶:0",皱纹、黑眼圈,中性,医生俯视,有明确中心人物,有身体接触,现代化医院,基础医疗设备,普通整洁,无,无,传统与现代混合,平视,自然光,冷色调,中景,
Russia,Emergance,4,白人,男,老年,清瘦,便装+白大褂（破损）,听诊器、姓名牌,姓名牌,70,收敛,直视观众,3,"快乐:0, 悲伤:25, 愤怒:0, 恐惧:0, 惊讶:0, 厌恶:0",皱纹、眼袋,紧张,医生平视,有明确中心人物,近距离无接触,现代化医院,基础医疗设备,普通整洁,无,无,传统与现代混合,平视,自然光,冷色调,近景,
Saudi Arabia,Doctor,1,中东人,男,老年,匀称,白大褂 + 格子头巾,口罩、听诊器,姓名牌,80,收敛,望向同事,3,"快乐:0, 悲伤:15, 愤怒:0, 恐惧:0, 惊讶:0, 厌恶:0",皱纹、眼袋,中性,无,有明确中心人物,近距离无接触,现代化医院,基础医疗设备,普通整洁,无,宗教符号,传统与现代混合,平视,自然光,暖色调,中景,
Saudi Arabia,Doctor,2,中东人,男,老年,匀称,传统长袍 + 格子头巾,口罩、听诊器,无,75,收敛,直视观众,3,"快乐:0, 悲伤:10, 愤怒:0, 恐惧:0, 惊讶:0, 厌恶:0",皱纹、眼袋,中性,无,有明确中心人物,近距离无接触,现代化医院,基础医疗设备,普通整洁,无,宗教符号,传统与现代混合,平视,自然光,暖色调,近景,
Saudi Arabia,Doctor,3,中东人,男,中年,匀称,白大褂 + 格子头巾,听诊器、工牌,姓名牌,70,收敛,直视观众,3,"快乐:0, 悲伤:10, 愤怒:0, 恐惧:0, 惊讶:0, 厌恶:0",无,中性,无,有明确中心人物,近距离无接触,现代化医院,高科技密集,高度整洁,无,宗教符号,传统与现代混合,平视,自然光,暖色调,近景,
Saudi Arabia,Doctor,4,中东人,男,老年,匀称,白大褂 + 格子头巾,听诊器、笔、工牌,姓名牌,65,收敛,望向文件,3,"快乐:0, 悲伤:10, 愤怒:0, 恐惧:0, 惊讶:0, 厌恶:0",皱纹、眼袋,中性,其他：写字,有明确中心人物,近距离无接触,现代化医院,高科技密集,高度整洁,无,宗教符号,传统与现代混合,平视,自然光,暖色调,中景,
Saudi Arabia,Nurse,1,中东人,女,青年,匀称,护士服（棕色）+头巾,听诊器,姓名牌,85,收敛,直视观众,2,"快乐: 0, 悲伤: 20, 恐惧: 0, 惊讶: 0, 厌恶: 0",无,放松,医生俯视,有明确中心人物,近距离无接触,现代化医院,高科技密集,高度整洁,无,伊斯兰头巾,传统与现代混合,平视,自然光,冷色调,特写,
Saudi Arabia,Nurse,2,中东人,女,青年,匀称,护士服（灰棕拼接）+头巾,听诊器,姓名牌,80,收敛,直视观众,3,"快乐: 0, 悲伤: 10, 恐惧: 0, 惊讶: 0, 厌恶: 0",无,放松,医生俯视,有明确中心人物,近距离无接触,现代化医院,高科技密集,高度整洁,无,伊斯兰头巾,传统与现代混合,平视,自然光,冷色调,中景,
Saudi Arabia,Nurse,3,中东人,女,青年,匀称,护士服（棕色）+花色头巾,听诊器,姓名牌,75,收敛,望向患者/同事,3,"快乐: 0, 悲伤: 10, 恐惧: 0, 惊讶: 0, 厌恶: 0",无,放松,医生俯视,有明确中心人物,近距离无接触,现代化医院,高科技密集,高度整洁,无,伊斯兰头巾,传统与现代混合,平视,自然光,冷色调,中景,
Saudi Arabia,Nurse,4,中东人,女,青年,匀称,护士服（浅灰）+蓝色头巾,听诊器,姓名牌,80,收敛,直视观众,3,"快乐: 0, 悲伤: 10, 恐惧: 0, 惊讶: 0, 厌恶: 0",无,放松,医生俯视,有明确中心人物,近距离无接触,现代化医院,高科技密集,高度整洁,无,伊斯兰头巾,传统与现代混合,平视,自然光,冷色调,特写,
Saudi Arabia,Team,1,白人,混合,中年,匀称,白大褂 + 传统长袍（Thobe）+ 头巾（Ghutra）,名字牌、听诊器,姓名牌,60,开放,直视观众,5,"快乐: 70, 悲伤: 0，愤怒:0, 恐惧:0, 惊讶:0, 厌恶:0",无,放松,医生位置更低,有明确中心人物,近距离无接触,现代化医院,高科技密集,高度整洁,无,传统符号,传统与现代混合,平视,自然光,暖色调,全景,
Saudi Arabia,Team,2,白人,混合,中年,匀称,白大褂 + 传统长袍,名字牌、电脑,姓名牌,65,收敛,望向患者/同事,3,"快乐: 30, 悲伤: 0，愤怒:0, 恐惧:0, 惊讶:0, 厌恶:0",无,中性,医生位置更低,平等协作,近距离无接触,现代化医院,高科技密集,高度整洁,无,传统符号,传统与现代混合,平视,自然光,冷色调,中景,
Saudi Arabia,Team,3,白人,混合,中年,匀称,白大褂 + 传统长袍,听诊器、病历夹,姓名牌,70,收敛,望向患者/同事,3,"快乐: 25, 悲伤: 0，愤怒:0, 恐惧:0, 惊讶:0, 厌恶:0",无,中性,医生位置更低,无中心（集体群像）,有身体接触,现代化医院,高科技密集,高度整洁,无,传统符号,传统与现代混合,平视,自然光,冷色调,中景,
Saudi Arabia,Team,4,白人,混合,中年,匀称,白大褂 + 手术服,名字牌、听诊器,姓名牌,50,开放,直视观众,5,"快乐: 60, 悲伤: 0，愤怒:0, 恐惧:0, 惊讶:0, 厌恶:0",无,放松,医生位置更低,有明确中心人物,近距离无接触,现代化医院,高科技密集,高度整洁,无,传统符号,传统与现代混合,平视,自然光,暖色调,全景,
Saudi Arabia,Emergance,1,混血,女,中年,匀称,传统服饰+口罩,无,无,85,收敛,直视观众,2,"快乐: 20, 悲伤: 0, 愤怒: 0, 恐惧: 0, 惊讶: 0, 厌恶: 0",眼袋、皱纹,紧张,无,有明确中心人物,远距离,现代化医院,高科技密集,高度整洁,无,传统符号,传统与现代混合,平视,自然光,冷色调,特写,
Saudi Arabia,Emergance,2,混血,混合,中年,匀称,传统服饰+手术服,病历夹、笔,无,75,开放,望向患者/同事,4,"快乐: 30, 悲伤: 0, 愤怒: 0, 恐惧: 0, 惊讶: 0, 厌恶: 0",无,放松,医生平视,有明确中心人物,近距离无接触,现代化医院,高科技密集,高度整洁,无,传统符号,传统与现代混合,平视,自然光,暖色调,中景,
Saudi Arabia,Emergance,3,混血,男,中年,匀称,民族传统服饰（头巾+长袍）+口罩,听诊器、病历夹,姓名牌,80,收敛,望向患者/同事,3,"快乐:0, 悲伤:20, 愤怒:0, 恐惧:0, 惊讶:0, 厌恶:0",眼袋、胡须,中性,医生平视,有明确中心人物,有身体接触,现代化医院,高科技密集,高度整洁,阿拉伯文标牌,宗教符号,传统与现代混合,平视,自然光,冷色调,中景,
Saudi Arabia,Emergance,4,混血,男,老年,清瘦,民族传统服饰（头巾+长袍）+白大褂,听诊器、姓名牌,姓名牌,70,收敛,望向远方/不确定,3,"快乐:0, 悲伤:25, 愤怒:0, 恐惧:0, 惊讶:0, 厌恶:0",皱纹、黑眼圈,中性,医生位置更低,有明确中心人物,远距离,现代化医院,高科技密集,高度整洁,阿拉伯文标牌,宗教符号,传统与现代混合,平视,自然光,冷色调,全景,
South Africa,Doctor,1,黑人,男,中年,匀称,手术服,听诊器、手术器械,无,80,收敛,望向患者,3,"快乐:0, 悲伤:20, 愤怒:0, 恐惧:0, 惊讶:0, 厌恶:0",皱纹、眼袋,中性,其他：使用听诊器,有明确中心人物,有身体接触,手术室,基础医疗设备,杂乱/艰苦,无,无,传统与现代混合,平视,昏暗光,灰暗色调,中景,
South Africa,Doctor,2,黑人,男,中年,匀称,手术服,听诊器、工牌,姓名牌,75,收敛,直视观众,3,"快乐:0, 悲伤:15, 愤怒:0, 恐惧:0, 惊讶:0, 厌恶:0",皱纹、眼袋,中性,无,有明确中心人物,近距离无接触,现代化医院,基础医疗设备,杂乱/艰苦,无,无,传统与现代混合,平视,自然光,暖色调,近景,
South Africa,Doctor,3,黑人,男,中年,匀称,便装+白大褂 + 头巾,听诊器、护目镜,无,85,收敛,直视观众,3,"快乐:0, 悲伤:25, 愤怒:0, 恐惧:0, 惊讶:0, 厌恶:0",皱纹、黑眼圈,紧张,无,有明确中心人物,近距离无接触,手术室,设备简陋或缺失,杂乱/艰苦,无,无,突出传统方式,平视,昏暗光,灰暗色调,中景,
South Africa,Doctor,4,黑人,男,老年,清瘦,白大褂,听诊器、工牌,姓名牌,90,收敛,望向远方/不确定,2,"快乐:0, 悲伤:30, 愤怒:0, 恐惧:0, 惊讶:0, 厌恶:0",皱纹、黑眼圈、皮肤粗糙,紧张,无,有明确中心人物,近距离无接触,现代化医院,基础医疗设备,杂乱/艰苦,无,无,突出传统方式,平视,昏暗光,灰暗色调,特写,
South Africa,Nurse,1,黑人,女,老年,清瘦,护士服（蓝色）+花色头巾,听诊器,姓名牌,85,收敛,望向远方/不确定,2,"快乐: 0, 悲伤: 30, 恐惧: 0, 惊讶: 0, 厌恶: 0",皱纹,放松,医生位置更低,有明确中心人物,远距离,现代化医院,基础医疗设备,普通整洁,无,非洲传统,传统与现代混合,平视,自然光,冷色调,中景,
South Africa,Nurse,2,黑人,女,老年,清瘦,护士服（蓝色）+手术帽,听诊器,姓名牌,80,收敛,望向远方/不确定,3,"快乐: 0, 悲伤: 20, 恐惧: 0, 惊讶: 0, 厌恶: 0",无,放松,医生位置更低,有明确中心人物,远距离,现代化医院,基础医疗设备,普通整洁,无,无,纯粹西方现代,平视,自然光,冷色调,中景,
South Africa,Nurse,3,黑人,女,青年,匀称,护士服（灰色）+花色头巾,听诊器,姓名牌,75,收敛,直视观众,3,"快乐: 0, 悲伤: 10, 恐惧: 0, 惊讶: 0, 厌恶: 0",无,放松,医生俯视,有明确中心人物,近距离无接触,现代化医院,基础医疗设备,普通整洁,无,非洲传统,传统与现代混合,平视,自然光,灰暗色调,近景,
South Africa,Nurse,4,黑人,女,老年,清瘦,护士服（浅蓝）+护士帽,听诊器,姓名牌,90,收敛,直视观众,2,"快乐: 0, 悲伤: 40, 恐惧: 0, 惊讶: 0, 厌恶: 0",皱纹,放松,医生俯视,有明确中心人物,近距离无接触,现代化医院,基础医疗设备,普通整洁,无,无,纯粹西方现代,平视,自然光,冷色调,特写,
South Africa,Team,1,黑人（非洲裔）,混合,中年,匀称,手术服 + 蓝色背心,名字牌、笔、文件,姓名牌,60,收敛,望向患者/同事,3,"快乐: 30, 悲伤: 0，愤怒:0, 恐惧:0, 惊讶:0, 厌恶:0",无,中性,医生位置更低,平等协作,近距离无接触,现代化医院,高科技密集,普通整洁,无,无,纯粹西方现代,平视,自然光,暖色调,中景,
South Africa,Team,2,黑人（非洲裔）,混合,中年,匀称,手术服（蓝/紫）,名字牌、听诊器,姓名牌,40,开放,直视观众,5,"快乐: 80, 悲伤: 0，愤怒:0, 恐惧:0, 惊讶:0, 厌恶:0",无,放松,医生位置更低,有明确中心人物,近距离无接触,现代化医院,高科技密集,高度整洁,无,无,纯粹西方现代,平视,自然光,暖色调,近景,
South Africa,Team,3,黑人（非洲裔）,混合,中年,匀称,护士服（粉色）,名字牌、听诊器,姓名牌,65,开放,直视观众,5,"快乐: 70, 悲伤: 0，愤怒:0, 恐惧:0, 惊讶:0, 厌恶:0",无,放松,医生位置更低,有明确中心人物,近距离无接触,社区诊所,基础医疗设备,普通整洁,无,无,传统与现代混合,平视,自然光,暖色调,全景,
South Africa,Team,4,黑人（非洲裔）,混合,中年,匀称,手术服（灰/蓝）,口罩、名字牌,姓名牌,70,收敛,望向患者/同事,3,"快乐: 40, 悲伤: 0，愤怒:0, 恐惧:0, 惊讶:0, 厌恶:0",无,中性,医生位置更低,无中心（集体群像）,有身体接触,现代化医院,高科技密集,高度整洁,无,无,纯粹西方现代,平视,自然光,冷色调,中景,
South Africa,Emergance,1,黑人,男,老年,清瘦,标准白大褂+听诊器,听诊器、姓名牌,姓名牌,90,收敛,望向远方/不确定,3,"快乐:0, 悲伤:25, 愤怒:0, 恐惧:0, 惊讶:0, 厌恶:0",皱纹、眼袋,紧张,医生平视,有明确中心人物,远距离,现代化医院,基础医疗设备,杂乱/艰苦,无,无,传统与现代混合,仰拍,昏暗光,灰暗色调,特写,
South Africa,Emergance,2,黑人,男,中年,匀称,防护服+面屏+口罩,手术器械、手套,无,85,收敛,望向患者/同事,3,"快乐:0, 悲伤:20, 愤怒:0, 恐惧:15, 惊讶:0, 厌恶:0",眼周紧绷,紧张,医生位置更低,有明确中心人物,有身体接触,现代化医院,高科技密集,高度整洁,无,无,纯粹西方现代,平视,自然光,冷色调,中景,
South Africa,Emergance,3,白人,男,中年,匀称,便装+橙色外套,听诊器、口罩,无,70,收敛,望向患者/同事,3,"快乐:0, 悲伤:25, 愤怒:0, 恐惧:0, 惊讶:0, 厌恶:0",眼袋、胡须,中性,医生俯视,有明确中心人物,有身体接触,现代化医院,基础医疗设备,杂乱/艰苦,无,无,传统与现代混合,平视,自然光,灰暗色调,中景,
South Africa,Emergance,4,黑人,男,老年,清瘦,便装+白大褂,听诊器、姓名牌,姓名牌,75,收敛,直视观众,3,"快乐:0, 悲伤:30, 愤怒:0, 恐惧:0, 惊讶:0, 厌恶:0",皱纹、黑眼圈,中性,医生平视,有明确中心人物,近距离无接触,灾难现场,设备简陋或缺失,杂乱/艰苦,无,无,传统与现代混合,平视,自然光,灰暗色调,近景,
Sweden,Doctor,1,白人,女,中年,匀称,护理服,听诊器、姓名牌,姓名牌,70,收敛,直视观众,3,"快乐:0, 悲伤:10, 愤怒:0, 恐惧:0, 惊讶:0, 厌恶:0",无,中性,其他：双臂交叉,有明确中心人物,近距离无接触,现代化医院,高科技密集,高度整洁,无,无,纯粹西方现代,平视,自然光,冷色调,近景,
Sweden,Doctor,2,白人,男,中年,匀称,白大褂 + 花纹衬衫,听诊器、笔、工牌,姓名牌,65,收敛,直视观众,5,"快乐:60, 悲伤:0, 愤怒:0, 恐惧:0, 惊讶:0, 厌恶:0",无,放松,无,有明确中心人物,近距离无接触,实验室,高科技密集,高度整洁,无,无,纯粹西方现代,平视,自然光,冷色调,近景,
Sweden,Doctor,3,白人,男,老年,匀称,白大褂 + 蓝色衬衫,听诊器、病历夹、CT扫描仪,姓名牌,80,收敛,望向患者,3,"快乐:0, 悲伤:15, 愤怒:0, 恐惧:0, 惊讶:0, 厌恶:0",皱纹、眼袋,中性,其他：使用设备,有明确中心人物,有身体接触,现代医院,高科技密集,高度整洁,无,无,纯粹西方现代,平视,自然光,冷色调,中景,
Sweden,Doctor,4,白人,男,中年,匀称,手术服,听诊器、手术器械,姓名牌,75,收敛,直视观众,3,"快乐:0, 悲伤:10, 愤怒:0, 恐惧:0, 惊讶:0, 厌恶:0",无,中性,其他：双臂交叉,有明确中心人物,近距离无接触,实验室,高科技密集,高度整洁,无,无,纯粹西方现代,平视,自然光,冷色调,近景,
Sweden,Nurse,1,白人,女,青年,匀称,护士服（白色连衣裙）+护士帽,听诊器,姓名牌,85,收敛,直视观众,3,"快乐: 0, 悲伤: 10, 恐惧: 0, 惊讶: 0, 厌恶: 0",无,放松,医生俯视,有明确中心人物,近距离无接触,现代化医院,基础医疗设备,普通整洁,无,无,纯粹西方现代,平视,自然光,冷色调,全景,
Sweden,Nurse,2,白人,女,青年,匀称,护士服（米色）,听诊器,姓名牌,75,收敛,直视观众,4,"快乐: 30, 悲伤: 0, 恐惧: 0, 惊讶: 0, 厌恶: 0",无,放松,医生俯视,有明确中心人物,近距离无接触,现代化医院,高科技密集,高度整洁,无,无,纯粹西方现代,平视,自然光,暖色调,近景,
Sweden,Nurse,3,白人,女,青年,匀称,护士服（白色）+护士帽,无,无,80,收敛,直视观众,3,"快乐: 0, 悲伤: 10, 恐惧: 0, 惊讶: 0, 厌恶: 0",无,放松,医生俯视,有明确中心人物,近距离无接触,现代化医院,基础医疗设备,普通整洁,无,无,纯粹西方现代,平视,自然光,灰暗色调,近景,
Sweden,Nurse,4,白人,女,老年,匀称,护士服（红色）,听诊器,姓名牌,70,收敛,直视观众,3,"快乐: 0, 悲伤: 10, 恐惧: 0, 惊讶: 0, 厌恶: 0",无,放松,医生俯视,有明确中心人物,近距离无接触,现代化医院,高科技密集,高度整洁,无,无,纯粹西方现代,平视,自然光,暖色调,近景,
Sweden,Team,1,白人,女,中年,匀称,手术服,听诊器,姓名牌,90,收敛,直视观众,2,"快乐: 20, 悲伤: 0, 愤怒: 0, 恐惧: 0, 惊讶: 0, 厌恶: 0",皱纹、眼袋,紧张,无,有明确中心人物,近距离无接触,现代化医院,高科技密集,高度整洁,无,无,纯粹西方现代,平视,自然光,冷色调,特写,
Sweden,Team,2,白人,女,青年,匀称,手术服,听诊器,无,60,开放,直视观众,5,"快乐: 80, 悲伤: 0, 愤怒: 0, 恐惧: 0, 惊讶: 0, 厌恶: 0",无,放松,无,平等协作,远距离,现代化医院,高科技密集,高度整洁,无,无,纯粹西方现代,平视,自然光,冷色调,近景,
Sweden,Team,3,白人,男,青年,匀称,手术服,听诊器,无,70,开放,直视观众,5,"快乐: 75, 悲伤: 0, 愤怒: 0, 恐惧: 0, 惊讶: 0, 厌恶: 0",无,放松,无,平等协作,远距离,现代化医院,高科技密集,高度整洁,无,无,纯粹西方现代,平视,自然光,冷色调,近景,
Sweden,Team,4,白人,混合,中年,匀称,便装+白大褂,无,姓名牌、主任胸牌,60,开放,直视观众,4,"快乐: 60, 悲伤: 0, 愤怒: 0, 恐惧: 0, 惊讶: 0, 厌恶: 0",无,放松,医生平视,有明确中心人物,近距离无接触,现代化医院,基础医疗设备,普通整洁,无,无,纯粹西方现代,平视,自然光,暖色调,中景,
Sweden,Emergance,1,白人,男,中年,匀称,手术服+口罩+眼镜,听诊器、姓名牌,姓名牌,75,收敛,望向患者/同事,3,"快乐:0, 悲伤:20, 愤怒:0, 恐惧:0, 惊讶:0, 厌恶:0",眼袋、胡须,中性,医生平视,有明确中心人物,近距离无接触,现代化医院,高科技密集,高度整洁,无,无,纯粹西方现代,平视,自然光,冷色调,近景,
Sweden,Emergance,2,白人,男,中年,匀称,便装+挂绳式证件,姓名牌、笔袋,姓名牌,60,开放,直视观众,5,"快乐:70, 悲伤:0, 愤怒:0, 恐惧:0, 惊讶:0, 厌恶:0",胡须,放松,医生平视,有明确中心人物,近距离无接触,现代化医院,高科技密集,高度整洁,无,无,纯粹西方现代,平视,自然光,暖色调,近景,
Sweden,Emergance,3,白人,男,老年,清瘦,标准白大褂+眼镜,听诊器、姓名牌,姓名牌,65,收敛,直视观众,3,"快乐:0, 悲伤:25, 愤怒:0, 恐惧:0, 惊讶:0, 厌恶:0",皱纹、黑眼圈,中性,医生平视,有明确中心人物,近距离无接触,现代化医院,高科技密集,高度整洁,无,无,纯粹西方现代,平视,自然光,暖色调,近景,
Sweden,Emergance,4,白人,男,中年,匀称,手术服（橙色）,听诊器、姓名牌,姓名牌,70,收敛,望向远方/不确定,3,"快乐:0, 悲伤:20, 愤怒:0, 恐惧:0, 惊讶:0, 厌恶:0",眼袋、胡须,中性,医生位置更低,有明确中心人物,远距离,现代化医院,高科技密集,高度整洁,无,无,纯粹西方现代,俯拍,自然光,冷色调,全景,
Türkiye,Doctor,1,中东人,男,中年,匀称,手术服 + 头套,听诊器、工牌,姓名牌,75,收敛,直视观众,3,"快乐:0, 悲伤:10, 愤怒:0, 恐惧:0, 惊讶:0, 厌恶:0",无,中性,其他：双臂交叉,有明确中心人物,近距离无接触,现代化医院,高科技密集,高度整洁,无,宗教符号,传统与现代混合,平视,自然光,冷色调,近景,
Türkiye,Doctor,2,中东人,女,中年,匀称,白大褂 + 头巾,听诊器、电脑、键盘,姓名牌,70,收敛,直视观众,3,"快乐:0, 悲伤:10, 愤怒:0, 恐惧:0, 惊讶:0, 厌恶:0",无,中性,其他：使用键盘,有明确中心人物,近距离无接触,现代化医院,高科技密集,普通整洁,无,宗教符号,传统与现代混合,平视,自然光,暖色调,中景,
Türkiye,Doctor,3,中东人,男,老年,匀称,手术服,听诊器、笔、工牌,姓名牌,80,收敛,直视观众,3,"快乐:0, 悲伤:15, 愤怒:0, 恐惧:0, 惊讶:0, 厌恶:0",皱纹、眼袋,中性,其他：双臂交叉,有明确中心人物,近距离无接触,现代化医院,高科技密集,普通整洁,无,无,传统与现代混合,平视,自然光,暖色调,近景,
Türkiye,Doctor,4,中东人,男,中年,匀称,手术服,听诊器、笔、工牌,姓名牌,65,收敛,直视观众,5,"快乐:50, 悲伤:0, 愤怒:0, 恐惧:0, 惊讶:0, 厌恶:0",无,放松,其他：双臂交叉,有明确中心人物,近距离无接触,手术室,高科技密集,高度整洁,无,无,纯粹西方现代,平视,自然光,冷色调,近景,
Türkiye,Nurse,1,中东人,女,中年,匀称,防护服+手术帽+口罩,注射器、手套,姓名牌,85,收敛,望向患者/同事,3,"快乐: 0, 悲伤: 10, 恐惧: 0, 惊讶: 0, 厌恶: 0",无,紧张,医生俯视,有明确中心人物,有身体接触,现代化医院,高科技密集,高度整洁,无,伊斯兰头巾,传统与现代混合,平视,自然光,冷色调,中景,
Türkiye,Nurse,2,中东人,女,青年,匀称,防护服+头巾+口罩,听诊器,姓名牌,80,收敛,直视观众,3,"快乐: 0, 悲伤: 10, 恐惧: 0, 惊讶: 0, 厌恶: 0",无,放松,医生俯视,有明确中心人物,近距离无接触,现代化医院,高科技密集,高度整洁,无,伊斯兰头巾,传统与现代混合,平视,自然光,冷色调,近景,
Türkiye,Nurse,3,中东人,女,中年,匀称,护士服+头巾+口罩,听诊器,姓名牌,75,收敛,望向患者/同事,3,"快乐: 0, 悲伤: 10, 恐惧: 0, 惊讶: 0, 厌恶: 0",无,放松,医生位置更低,有明确中心人物,近距离无接触,现代化医院,高科技密集,高度整洁,无,伊斯兰头巾,传统与现代混合,平视,自然光,冷色调,中景,
Türkiye,Nurse,4,中东人,女,青年,匀称,护士服+红色背心+口罩,听诊器,姓名牌,70,收敛,直视观众,3,"快乐: 0, 悲伤: 10, 恐惧: 0, 惊讶: 0, 厌恶: 0",无,放松,医生俯视,有明确中心人物,近距离无接触,现代化医院,高科技密集,高度整洁,无,无,纯粹西方现代,平视,自然光,冷色调,近景,
Türkiye,Team,1,混血,女,中年,匀称,手术服,口罩、帽子、听诊器,姓名牌,70,收敛,望向患者/同事,4,"快乐: 30, 悲伤: 0, 愤怒: 0, 恐惧: 0, 惊讶: 0, 厌恶: 0",无,中性,无,有明确中心人物,近距离无接触,现代化医院,高科技密集,高度整洁,无,无,纯粹西方现代,平视,自然光,冷色调,中景,
Türkiye,Team,2,混血,混合,中年,匀称,手术服,口罩、帽子,姓名牌,85,开放,直视观众,4,"快乐: 40, 悲伤: 0, 愤怒: 0, 恐惧: 0, 惊讶: 0, 厌恶: 0",无,放松,无,有明确中心人物,近距离无接触,现代化医院,高科技密集,高度整洁,无,无,纯粹西方现代,平视,自然光,冷色调,近景,
Türkiye,Team,3,混血,混合,中年,匀称,白大褂+手术服,口罩、帽子、听诊器,姓名牌,75,开放,直视观众,4,"快乐: 40, 悲伤: 0, 愤怒: 0, 恐惧: 0, 惊讶: 0, 厌恶: 0",无,放松,无,有明确中心人物,近距离无接触,现代化医院,高科技密集,高度整洁,无,无,纯粹西方现代,平视,自然光,冷色调,近景,
Türkiye,Team,4,混血,混合,中年,匀称,手术服,口罩、帽子、听诊器,姓名牌,65,收敛,望向患者/同事,4,"快乐: 30, 悲伤: 0, 愤怒: 0, 恐惧: 0, 惊讶: 0, 厌恶: 0",无,中性,医生俯视,有明确中心人物,近距离无接触,现代化医院,高科技密集,高度整洁,无,无,纯粹西方现代,平视,自然光,冷色调,中景,
Türkiye,Emergance,1,混血,女,中年,匀称,民族传统服饰（头巾+红白长袍）+口罩,听诊器、姓名牌,姓名牌,85,收敛,直视观众,3,"快乐:0, 悲伤:20, 愤怒:0, 恐惧:15, 惊讶:0, 厌恶:0",眼周紧绷,紧张,医生平视,有明确中心人物,近距离无接触,灾难现场,基础医疗设备,杂乱/艰苦,无,宗教符号,传统与现代混合,平视,自然光,冷色调,特写,
Türkiye,Emergance,2,混血,女,老年,清瘦,民族传统服饰（头巾+花色外套）+口罩,听诊器、姓名牌,姓名牌,70,收敛,望向远方/不确定,2,"快乐:0, 悲伤:30, 愤怒:0, 恐惧:0, 惊讶:0, 厌恶:0",皱纹、黑眼圈,中性,医生位置更低,有明确中心人物,近距离无接触,灾难现场,基础医疗设备,杂乱/艰苦,无,宗教符号,传统与现代混合,平视,昏暗光,灰暗色调,中景,
Türkiye,Emergance,3,混血,男,中年,匀称,民族传统服饰（红色工装）+口罩,听诊器、姓名牌,姓名牌,80,收敛,望向患者/同事,3,"快乐:0, 悲伤:25, 愤怒:0, 恐惧:0, 惊讶:0, 厌恶:0",眼袋、胡须,中性,医生俯视,有明确中心人物,有身体接触,灾难现场,基础医疗设备,杂乱/艰苦,无,宗教符号,传统与现代混合,平视,自然光,灰暗色调,中景,
Türkiye,Emergance,4,混血,男,中年,匀称,标准白大褂+手术帽+口罩,听诊器、病历夹,姓名牌,75,收敛,望向患者/同事,3,"快乐:0, 悲伤:20, 愤怒:0, 恐惧:0, 惊讶:0, 厌恶:0",眼袋、胡须,中性,医生平视,有明确中心人物,近距离无接触,灾难现场,基础医疗设备,杂乱/艰苦,无,宗教符号,传统与现代混合,平视,自然光,冷色调,中景,
USA,Doctor,1,黑人,男,中年,匀称,标准白大褂+领带,听诊器、X光片,姓名牌,80,收敛,望向患者/同事（X光片）,3,"快乐:20, 悲伤:0, 愤怒:0, 恐惧:0, 惊讶:0, 厌恶:0",无,中性,医生俯视,无中心（集体群像）,远距离,现代化医院,高科技密集,高度整洁,无,无,纯粹西方现代,平视,自然光,冷色调,近景,
USA,Doctor,2,白人,男,青年/中年,匀称,手术服+口罩+护目镜,手术器械、护目镜,无,90,收敛,望向远方/不确定（聚焦手术）,3,"快乐:10, 悲伤:0, 愤怒:0, 恐惧:0, 惊讶:0, 厌恶:0",无,紧张,医生位置更低,无中心（集体群像）,远距离,手术室,高科技密集,高度整洁,无,无,纯粹西方现代,仰拍,舞台聚光,冷色调,特写,
USA,Doctor,3,黑人,男,老年,匀称,手术服,听诊器、笔袋,无,50,开放,直视观众,5,"快乐:80, 悲伤:0, 愤怒:0, 恐惧:0, 惊讶:0, 厌恶:0",皱纹、白发,放松,医生平视,有明确中心人物,近距离无接触,现代化医院,高科技密集,普通整洁,无,无,纯粹西方现代,平视,自然光,暖色调,近景,
USA,Doctor,4,白人,女,中年,匀称,标准白大褂+衬衫,无,无，环境暗示高级职位,30,开放,直视观众,5,"快乐:85, 悲伤:0, 愤怒:0, 恐惧:0, 惊讶:0, 厌恶:0",无,放松,医生平视,有明确中心人物,近距离无接触,实验室,高科技密集,高度整洁,无,无,纯粹西方现代,平视,自然光,冷色调,近景,
USA,Nurse,1,白人,女,青年,匀称,白色护士服+红领+护士帽,无,无,70,收敛,直视观众,4,"快乐:60, 悲伤:0, 愤怒:0, 恐惧:0, 惊讶:0, 厌恶:0",无,放松,无,有明确中心人物,远距离,现代化医院,基础医疗设备,高度整洁,无,无,传统与现代混合,平视,舞台聚光,暖色调,中景,
USA,Nurse,2,白人,女,青年,匀称,红色外套+蓝色内搭,听诊器、ID卡,姓名牌,85,收敛,望向远方/不确定,3,"快乐:30, 悲伤:40, 愤怒:0, 恐惧:10, 惊讶:0, 厌恶:0",黑眼圈,紧张,医生平视,无中心（集体群像）,近距离无接触,现代化医院,高科技密集,普通整洁,无,无,纯粹西方现代,仰拍,昏暗光,冷色调,特写,
USA,Nurse,3,黑人,女,青年,匀称,蓝色手术服+手术帽,手术器械、口罩,无,90,收敛,望向患者/同事,2,"快乐:20, 悲伤:50, 愤怒:0, 恐惧:30, 惊讶:0, 厌恶:0",眼袋,紧张,医生俯视,有明确中心人物,近距离无接触,手术室,高科技密集,高度整洁,无,无,纯粹西方现代,平视,自然光,冷色调,特写,
USA,Nurse,4,白人,女,青年,匀称,蓝色医护服,听诊器、手机、ID卡,姓名牌、橙色标签,65,中性,望向远方/不确定,4,"快乐:40, 悲伤:10, 愤怒:0, 恐惧:0, 惊讶:0, 厌恶:0",无,放松,医生位置更低,有明确中心人物,远距离,现代化医院,高科技密集,普通整洁,无,无,纯粹西方现代,平视,自然光,冷色调,中景,
USA,Team,1,白人,混合,青年/中年,匀称,手术服,口罩、帽子,无,70,收敛,直视观众,4,"快乐: 40, 悲伤: 0, 愤怒: 0, 恐惧: 0, 惊讶: 0, 厌恶: 0",无,中性,无,有明确中心人物,近距离无接触,现代化医院,高科技密集,高度整洁,无,无,纯粹西方现代,平视,自然光,冷色调,中景,
USA,Team,2,白人,女,中年,匀称,手术服,无,无,60,开放,直视观众,5,"快乐: 80, 悲伤: 0, 愤怒: 0, 恐惧: 0, 惊讶: 0, 厌恶: 0",无,放松,无,平等协作,远距离,现代化医院,高科技密集,高度整洁,无,无,纯粹西方现代,平视,自然光,冷色调,近景,
USA,Team,3,白人,女,青年,匀称,手术服,口罩,姓名牌,65,收敛,望向患者/同事,4,"快乐: 30, 悲伤: 0, 愤怒: 0, 恐惧: 0, 惊讶: 0, 厌恶: 0",无,中性,无,有明确中心人物,近距离无接触,现代化医院,高科技密集,高度整洁,无,无,纯粹西方现代,平视,自然光,冷色调,中景,
USA,Team,4,混合（白人+黑人）,混合,中年,匀称,白大褂+手术服,听诊器、姓名牌,姓名牌、主任胸牌,60,开放,直视观众,5,"快乐: 70, 悲伤: 0, 愤怒: 0, 恐惧: 0, 惊讶: 0, 厌恶: 0",无,放松,医生平视,有明确中心人物,近距离无接触,现代化医院,高科技密集,高度整洁,无,无,纯粹西方现代,平视,自然光,暖色调,中景,
USA,Emergance,1,黑人,男,老年,匀称,手术服,听诊器,姓名牌,85,收敛,望向患者/同事,2,"快乐: 0, 悲伤: 40, 愤怒: 0, 恐惧: 20, 惊讶: 0, 厌恶: 0",皱纹,紧张,医生俯视,有明确中心人物,近距离无接触,现代化医院,高科技密集,高度整洁,无,无,纯粹西方现代,平视,自然光,冷色调,中景,
USA,Emergance,2,亚洲人/混血,女,中年,匀称,白大褂+手术衣,听诊器,姓名牌,70,收敛,直视观众,3,"快乐: 10, 悲伤: 0, 愤怒: 0, 恐惧: 0, 惊讶: 0, 厌恶: 0",无,放松,医生位置更低,有明确中心人物,远距离,现代化医院,高科技密集,高度整洁,无,无,纯粹西方现代,平视,自然光,冷色调,近景,
USA,Emergance,3,白人/黑人混合,混合,中年,匀称,手术服,听诊器,无,60,收敛,望向患者/同事,3,"快乐: 10, 悲伤: 20, 愤怒: 0, 恐惧: 0, 惊讶: 0, 厌恶: 0",无,放松,医生俯视,有明确中心人物,近距离无接触,现代化医院,高科技密集,高度整洁,无,无,纯粹西方现代,平视,自然光,冷色调,全景,
USA,Emergance,4,黑人,男,老年,匀称,白大褂,听诊器,无,80,收敛,直视观众,4,"快乐: 30, 悲伤: 10, 愤怒: 0, 恐惧: 0, 惊讶: 0, 厌恶: 0",皱纹,放松,医生俯视,有明确中心人物,近距离无接触,现代化医院,高科技密集,高度整洁,无,无,纯粹西方现代,平视,舞台聚光,冷色调,特写,
Vietnam,Doctor,1,亚洲人,男,中年,匀称,标准白大褂,听诊器、笔,无,90,收敛,直视观众,3,"快乐:0, 悲伤:10, 愤怒:0, 恐惧:0, 惊讶:0, 厌恶:0",皱纹、眼袋,中性,医生平视,有明确中心人物,近距离无接触,现代化医院,基础医疗设备,普通整洁,无,无,传统与现代混合,平视,自然光,灰暗色调,近景,
Vietnam,Doctor,2,亚洲人,女,中年,匀称,手术服+口罩+手术帽,手术器械、口罩,无,85,收敛,直视观众,3,"快乐:5, 悲伤:15, 愤怒:0, 恐惧:0, 惊讶:0, 厌恶:0",皱纹,紧张,医生位置更低,有明确中心人物,近距离无接触,手术室,基础医疗设备,普通整洁,无,无,传统与现代混合,平视,自然光,冷色调,特写,
Vietnam,Doctor,3,亚洲人,男,老年,清瘦,便装+白大褂（破损）,无,无,80,收敛,直视观众,3,"快乐:0, 悲伤:20, 愤怒:0, 恐惧:0, 惊讶:0, 厌恶:0",深皱纹、黑眼圈,中性,医生平视,有明确中心人物,远距离,不明确,设备简陋或缺失,杂乱/艰苦,无,无,突出传统方式,平视,昏暗光,灰暗色调,近景,
Vietnam,Doctor,4,亚洲人,男,老年,匀称,手术服+口罩+手术帽,手术器械、眼镜,无，但挂件暗示职位,75,收敛,直视观众,3,"快乐:10, 悲伤:15, 愤怒:0, 恐惧:0, 惊讶:0, 厌恶:0",皱纹、眼袋,放松,医生平视,有明确中心人物,近距离无接触,手术室,基础医疗设备,普通整洁,无,无,传统与现代混合,平视,自然光,冷色调,近景,
Vietnam,Nurse,1,亚洲人,女,青年,匀称,白色护士服+护士帽,无,无,80,收敛,直视观众,2,"快乐:20, 悲伤:60, 愤怒:0, 恐惧:10, 惊讶:0, 厌恶:0",黑眼圈,紧张,医生平视,有明确中心人物,远距离,现代化医院,基础医疗设备,普通整洁,无,无,传统与现代混合,平视,舞台聚光,灰暗色调,特写,
Vietnam,Nurse,2,亚洲人,女,中年,匀称,深色短袖医护服,听诊器、手表,无,90,收敛,望向远方/不确定,2,"快乐:10, 悲伤:70, 愤怒:0, 恐惧:15, 惊讶:0, 厌恶:0",皱纹、眼袋,紧张,医生位置更低,无中心（集体群像）,近距离无接触,现代化医院,基础医疗设备,杂乱/艰苦,无,无,纯粹西方现代,仰拍,昏暗光,灰暗色调,中景,
Vietnam,Nurse,3,亚洲人,女,青年,匀称,绿色工装式医护服+蓝色头巾,听诊器、ID卡、血压计,ID卡,70,开放,望向患者/同事,3,"快乐:30, 悲伤:40, 愤怒:0, 恐惧:0, 惊讶:0, 厌恶:0",无,放松,医生俯视,有明确中心人物,近距离无接触,社区诊所,基础医疗设备,普通整洁,无,无,传统与现代混合,平视,自然光,暖色调,近景,
Vietnam,Nurse,4,亚洲人,女,青年,匀称,白色护士服+护士帽+蕾丝边,听诊器、姓名牌、ID卡,姓名牌、红十字标志,60,收敛,直视观众,5,"快乐:80, 悲伤:0, 愤怒:0, 恐惧:0, 惊讶:0, 厌恶:0",无,放松,医生平视,有明确中心人物,远距离,现代化医院,基础医疗设备,普通整洁,无,无,传统与现代混合,平视,舞台聚光,暖色调,中景,
Vietnam,Team,1,亚洲人,混合,中年,匀称,便装+白大褂,无,姓名牌,70,收敛,直视观众,4,"快乐: 40, 悲伤: 0, 愤怒: 0, 恐惧: 0, 惊讶: 0, 厌恶: 0",无,中性,无,有明确中心人物,近距离无接触,现代化医院,基础医疗设备,高度整洁,无,无,纯粹西方现代,平视,自然光,冷色调,中景,
Vietnam,Team,2,亚洲人,混合,中年,匀称,手术服,口罩,姓名牌,65,开放,望向患者/同事,4,"快乐: 30, 悲伤: 0, 愤怒: 0, 恐惧: 0, 惊讶: 0, 厌恶: 0",无,放松,医生俯视,有明确中心人物,近距离无接触,现代化医院,基础医疗设备,高度整洁,无,无,纯粹西方现代,平视,自然光,冷色调,中景,
Vietnam,Team,3,亚洲人,混合,中年,匀称,白大褂,无,无,80,收敛,望向远方/不确定,3,"快乐: 20, 悲伤: 0, 愤怒: 0, 恐惧: 0, 惊讶: 0, 厌恶: 0",无,中性,无,无中心（集体群像）,远距离,现代化医院,基础医疗设备,高度整洁,无,无,纯粹西方现代,平视,自然光,冷色调,中景,
Vietnam,Team,4,亚洲人,混合,中年,匀称,白大褂+便装,无,姓名牌,60,开放,直视观众,5,"快乐: 70, 悲伤: 0, 愤怒: 0, 恐惧: 0, 惊讶: 0, 厌恶: 0",无,放松,医生平视,有明确中心人物,有身体接触,现代化医院,基础医疗设备,高度整洁,无,无,纯粹西方现代,平视,自然光,暖色调,中景,
Vietnam,Emergance,1,亚洲人,男,中年,匀称,手术服+手术帽+口罩,听诊器、姓名牌,姓名牌,85,收敛,望向患者/同事,3,"快乐:0, 悲伤:20, 愤怒:0, 恐惧:15, 惊讶:0, 厌恶:0",眼周紧绷,紧张,医生俯视,有明确中心人物,有身体接触,社区诊所,基础医疗设备,普通整洁,无,无,传统与现代混合,平视,自然光,冷色调,中景,
Vietnam,Emergance,2,亚洲人,男,中年,匀称,标准白大褂+口罩,听诊器、姓名牌,姓名牌,80,收敛,望向患者/同事,3,"快乐:0, 悲伤:25, 愤怒:0, 恐惧:0, 惊讶:0, 厌恶:0",眼袋、胡须,中性,医生平视,有明确中心人物,有身体接触,社区诊所,基础医疗设备,普通整洁,无,无,传统与现代混合,平视,自然光,冷色调,中景,
Vietnam,Emergance,3,亚洲人,男,中年,匀称,标准白大褂,听诊器、姓名牌,姓名牌,75,收敛,直视观众,3,"快乐:0, 悲伤:25, 愤怒:0, 恐惧:0, 惊讶:0, 厌恶:0",皱纹、眼袋,中性,医生平视,有明确中心人物,远距离,社区诊所,基础医疗设备,普通整洁,无,无,传统与现代混合,平视,自然光,冷色调,全景,
Vietnam,Emergance,4,亚洲人,男,中年,匀称,手术服,听诊器、姓名牌,姓名牌,70,收敛,直视观众,3,"快乐:0, 悲伤:20, 愤怒:0, 恐惧:0, 惊讶:0, 厌恶:0",眼袋、胡须,中性,医生平视,有明确中心人物,近距离无接触,社区诊所,基础医疗设备,杂乱/艰苦,无,无,传统与现代混合,平视,自然光,灰暗色调,近景,
,,,,,,,,,,,,,,,,,,,,,,,,,,,,,,
